name,tipo,email,email_source,email_source_url,email_confidence,phone,direccion,website,website_final,estado,clasificacion_motivo,source,source_id,tags,lat,lon,grupo_fuente
mini Super,comercio,minisuperas@gmail.com,OpenStreetMap,,1.0,,Javier Lascano Colodrero 2779,,,listo_para_contactar,OSM: etiqueta shop,comercios_email,node:1673698477,"{'addr:housenumber': '2779', 'addr:postcode': '5008', 'addr:street': 'Javier Lascano Colodrero', 'designation': 'mini Super Poeta Lugones', 'email': 'minisuperas@gmail.com', 'name': 'mini Super', 'shop': 'supermarket', 'source': 'Public Preference'}",-31.3635585,-64.2089739,comercio
Café Martínez,comercio,cordoba@cafemartinez.com.ar,OpenStreetMap,,1.0,+54 3543 40-2323,"Carlos Federico Gauss 5500, Córdoba",https://www.cafemartinez.com/,,listo_para_contactar,OSM: servicio/comercio,comercios_email,node:2832741496,"{'addr:city': 'Córdoba', 'addr:country': 'AR', 'addr:housenumber': '5500', 'addr:postcode': '5021', 'addr:province': 'Córdoba', 'addr:street': 'Carlos Federico Gauss', 'amenity': 'cafe', 'brand': 'Café Martínez', 'brand:wikidata': 'Q16540032', 'brand:wikipedia': 'es:Café Martínez', 'contact:facebook': 'https://www.facebook.com/CafeMartinezSitioOficial/', 'contact:instagram': 'https://www.instagram.com/cafemartinezoficial/', 'contact:twitter': 'https://www.twitter.com/cafemartinez/', 'cuisine': 'coffee_shop', 'delivery': 'no', 'drive_through': 'no', 'email': 'cordoba@cafemartinez.com.ar', 'internet_access': 'wlan', 'name': 'Café Martínez', 'opening_hours': 'Mo-Su 07:30-20:00', 'outdoor_seating': 'yes', 'phone': '+54 3543 40-2323', 'smoking': 'outside', 'takeaway': 'yes', 'website': 'https://www.cafemartinez.com/', 'wheelchair': 'limited'}",-31.3587019,-64.2515936,comercio
Global Vip Transfer S.A.,comercio,reservas@global-vip-transfer.com,OpenStreetMap,,1.0,+54 342 4563386,,http://www.global-vip-transfer.com,,listo_para_contactar,actividad comercial identificable,comercios_email,node:2934889527,"{'amenity': 'taxi', 'email': 'reservas@global-vip-transfer.com', 'name': 'Global Vip Transfer S.A.', 'operator': 'Airport Shuttle', 'phone': '+54 342 4563386', 'website': 'http://www.global-vip-transfer.com'}",-31.3155141,-64.213876,comercio
Starbucks,comercio,info@starbucks.com.ar,OpenStreetMap,,1.0,,"Avenida Colón 608, Córdoba",https://www.starbucks.com.ar/,,listo_para_contactar,OSM: servicio/comercio,comercios_email,node:3039590527,"{'addr:city': 'Córdoba', 'addr:country': 'AR', 'addr:housenumber': '608', 'addr:postcode': '5000', 'addr:province': 'Córdoba', 'addr:street': 'Avenida Colón', 'amenity': 'cafe', 'brand': 'Starbucks', 'brand:wikidata': 'Q37158', 'brand:wikipedia': 'en:Starbucks', 'contact:facebook': 'https://www.facebook.com/StarbucksArgentina/', 'contact:instagram': 'https://www.instagram.com/starbucksargentina/', 'contact:twitter': 'https://www.twitter.com/StarbucksAr/', 'cuisine': 'coffee_shop', 'delivery': 'no', 'drive_through': 'no', 'email': 'info@starbucks.com.ar', 'internet_access': 'wlan', 'name': 'Starbucks', 'official_name': 'Starbucks Coffee', 'opening_hours': 'Mo-Fr 07:00-21:30;Sa,Su 08:00-21:00', 'outdoor_seating': 'no', 'phone:AR': '0800-122-0129', 'smoking': 'no', 'source': 'http://www.starbucks.com.ar/Nuestrastiendas.aspx', 'takeaway': 'yes', 'website': 'https://www.starbucks.com.ar/', 'wheelchair': 'yes'}",-31.4110276,-64.1914074,comercio
SushiClub,comercio,contacto@sushiclub.com.ar,OpenStreetMap,,1.0,,"Boulevard Chacabuco 660, Córdoba",https://www.sushiclub.com.ar/,,listo_para_contactar,OSM: servicio/comercio,comercios_email,node:3927800257,"{'addr:city': 'Córdoba', 'addr:country': 'AR', 'addr:housenumber': '660', 'addr:postcode': '5000', 'addr:province': 'Córdoba', 'addr:street': 'Boulevard Chacabuco', 'amenity': 'restaurant', 'contact:facebook': 'https://www.facebook.com/sushiclubargentina/', 'contact:instagram': 'https://www.instagram.com/SushiClub_ar/', 'contact:twitter': 'https://twitter.com/SushiClub_ar/', 'cuisine': 'sushi', 'delivery': 'yes', 'email': 'contacto@sushiclub.com.ar', 'name': 'SushiClub', 'opening_hours': 'Mo-We 12:30-01:00; Th 12:30-01:30; Fr 12:30-02:00; Sa 20:00-02:00; Su 20:00-01:00', 'outdoor_seating': 'yes', 'phone:AR': '0810-222-7874', 'takeaway': 'yes', 'website': 'https://www.sushiclub.com.ar/'}",-31.425142,-64.1836334,comercio
Consulado de Francia,dudoso,sonzini@arnet.com.ar,,,,+54 351 4290915,"Ayacucho 46, Córdoba",,,requiere_decision,sin evidencia suficiente para clasificar,comercios_email,node:3986618290,"{'addr:city': 'Córdoba', 'addr:housenumber': '46', 'addr:postcode': '5000', 'addr:street': 'Ayacucho', 'consulate': 'honorary_consul', 'country': 'FR', 'diplomatic': 'consulate', 'email': 'sonzini@arnet.com.ar', 'fax': '+54 351 4290915', 'name': 'Consulado de Francia', 'name:de': 'Konsulat von Frankreich', 'name:en': 'Honorary Consulate of France', 'name:es': 'Consulado Honorario de Francia', 'name:fr': 'Consulat honoraire de France', 'office': 'diplomatic', 'phone': '+54 351 4290915', 'target': 'AR'}",-31.4165153,-64.1868142,comercio
Quimica Halac,comercio,info@quimicahalac.com.ar,OpenStreetMap,,1.0,+54 351 421 5102,General Alvear 398,https://quimicahalac.com.ar/,,listo_para_contactar,OSM: etiqueta shop,comercios_email,node:4161439695,"{'addr:housenumber': '398', 'addr:street': 'General Alvear', 'check_date': '2026-07-31', 'email': 'info@quimicahalac.com.ar', 'name': 'Quimica Halac', 'opening_hours': 'Mo-Sa 08:00-18:00', 'panoramax': 'd522811b-5524-4d15-97bc-85afa8ae1ed6', 'phone': '+54 351 421 5102', 'shop': 'hardware', 'website': 'https://quimicahalac.com.ar/'}",-31.4123383,-64.1794071,comercio
Marozzi distribuidora,comercio,ventas@bateriasmarozzi.com.ar,OpenStreetMap,,1.0,+54 351 451 2414,"Avenida Eduardo Bulnes 2032, Córdoba",,,listo_para_contactar,OSM: etiqueta shop,comercios_email,node:4310076892,"{'addr:city': 'Córdoba', 'addr:housenumber': '2032', 'addr:postcode': 'X5004EFY', 'addr:street': 'Avenida Eduardo Bulnes', 'email': 'ventas@bateriasmarozzi.com.ar', 'name': 'Marozzi distribuidora', 'phone': '+54 351 451 2414', 'shop': 'car_parts'}",-31.3972054,-64.1628242,comercio
Capilla Santa Teresita,dudoso,vicariasantateresita@gmail.com,,,,+54 351 497 4197,Avenida 11 de Septiembre km7,,,requiere_decision,sin evidencia suficiente para clasificar,comercios_email,node:4314809290,"{'addr:housenumber': 'km7', 'addr:postcode': '5017', 'addr:street': 'Avenida 11 de Septiembre', 'amenity': 'community_centre', 'email': 'vicariasantateresita@gmail.com', 'name': 'Capilla Santa Teresita', 'opening_hours': 'Mo-Su 10:00-22:00', 'phone': '+54 351 497 4197'}",-31.48342,-64.1480971,comercio
Fabrica Pc,comercio,rvlevet@gmail.com,OpenStreetMap,,1.0,+54 351 472 9366,Ramírez de Arrellano 1221,https://fabricapc.com.ar/,,listo_para_contactar,OSM: etiqueta shop,comercios_email,node:4368024706,"{'addr:housenumber': '1221', 'addr:postcode': '5001', 'addr:street': 'Ramírez de Arrellano', 'email': 'rvlevet@gmail.com', 'internet_access': 'wlan', 'name': 'Fabrica Pc', 'name:es': 'Fabrica Pc', 'opening_hours': 'Mo-Fr 09:30-13:00, 15:00-18:30', 'operator': 'Rodolfo, Darío', 'phone': '+54 351 472 9366', 'shop': 'electronics', 'website': 'https://fabricapc.com.ar/'}",-31.393661,-64.1923531,comercio
Gestor de Cordoba. Autos. Motos. Gonzalo 3512205097,comercio,santinogigena@gmail.com,OpenStreetMap,,1.0,+54 351 220 5097,José Joaquín Contreras 4277,,,listo_para_contactar,OSM: etiqueta shop,comercios_email,node:4617236590,"{'addr:housenumber': '4277', 'addr:postcode': '5009', 'addr:street': 'José Joaquín Contreras', 'email': 'santinogigena@gmail.com', 'internet_access': 'wlan', 'name': 'Gestor de Cordoba. Autos. Motos. Gonzalo 3512205097', 'name:es': 'Gestor de Cordoba. Autos. Motos. Gonzalo 3512205097', 'opening_hours': '24/7', 'operator': 'gmail', 'phone': '+54 351 220 5097', 'shop': 'car'}",-31.3644294,-64.2265666,comercio
ATLARES Crowdfunding Bitcoin & Networking,comercio,info@atlares.com,OpenStreetMap,,1.0,+54 351 347 5840,"Ferroviarios 1456, Córdoba",www.atlares.com,,listo_para_contactar,OSM: oficina comercial/profesional,comercios_email,node:4692975242,"{'addr:city': 'Córdoba', 'addr:housenumber': '1456', 'addr:postcode': '5014', 'addr:street': 'Ferroviarios', 'description': 'Incubadora de emprendedores, consultora, crowdfunding bitcoin & networking.', 'email': 'info@atlares.com', 'name': 'ATLARES Crowdfunding Bitcoin & Networking', 'office': 'company', 'phone': '+54 351 347 5840', 'website': 'www.atlares.com'}",-31.4290127,-64.1655274,comercio
Deportes Iguazu,comercio,deportesiguazu@gmail.com,OpenStreetMap,,1.0,+54 351 425 8296,Deán Funes 283,,,listo_para_contactar,OSM: etiqueta shop,comercios_email,node:4698964295,"{'addr:housenumber': '283', 'addr:postcode': '5000', 'addr:street': 'Deán Funes', 'email': 'deportesiguazu@gmail.com', 'name': 'Deportes Iguazu', 'opening_hours': 'Mo-Fr 09:00-19:00; Sa 09:00-13:00', 'phone': '+54 351 425 8296', 'shop': 'sports'}",-31.4148579,-64.1878095,comercio
Instituto Privado Deán Funes,dudoso,info@institutodeanfunes.edu.com,,,,+54 351 456 8164,Cangallo 1888,http://www.institutodeanfunes.edu.com,,requiere_decision,sin evidencia suficiente para clasificar,comercios_email,node:4715773289,"{'addr:housenumber': '1888', 'addr:postcode': '5000', 'addr:street': 'Cangallo', 'amenity': 'school', 'email': 'info@institutodeanfunes.edu.com', 'name': 'Instituto Privado Deán Funes', 'name:es': 'Instituto Privado Deán Funes', 'opening_hours': 'Mo-Fr 07:45-19:45', 'phone': '+54 351 456 8164', 'website': 'http://www.institutodeanfunes.edu.com'}",-31.4309057,-64.119152,comercio
Poeta Soho,comercio,poetasoho@gmail.com,OpenStreetMap,,1.0,+54 351 771 2015,"Santiago Baravino 4830, Córdoba",,,listo_para_contactar,OSM: etiqueta shop,comercios_email,node:4727043289,"{'addr:city': 'Córdoba', 'addr:country': 'AR', 'addr:housenumber': '4830', 'addr:street': 'Santiago Baravino', 'email': 'poetasoho@gmail.com', 'level': '0', 'name': 'Poeta Soho', 'opening_hours': 'Mo-Fr 09:30-12:00, 17:30-21:00; Sa 10:00-13:00', 'phone': '+54 351 771 2015', 'shop': 'stationery', 'source': 'local_knowledge', 'start_date': '2015'}",-31.3578028,-64.2127421,comercio
Puente de Estrellas,dudoso,puentedeestrellas.micael@gmail.com,,,,+54 3543 42 8329,Isaac Newton 5827,,,requiere_decision,sin evidencia suficiente para clasificar,comercios_email,node:4778542022,"{'addr:housenumber': '5827', 'addr:postcode': '5000', 'addr:street': 'Isaac Newton', 'amenity': 'school', 'email': 'puentedeestrellas.micael@gmail.com', 'name': 'Puente de Estrellas', 'name:es': 'Puente de Estrellas', 'opening_hours': 'Mo-Fr 07:40-13:30', 'phone': '+54 3543 42 8329'}",-31.3674728,-64.2568157,comercio
Catalina Calzados,comercio,catalinacalzados@outlook.com.ar,OpenStreetMap,,1.0,+5493515595779,Avenida Menéndez Pidal 4048,,,listo_para_contactar,OSM: etiqueta craft,comercios_email,node:4845735424,"{'addr:housenumber': '4048', 'addr:postcode': '5009', 'addr:street': 'Avenida Menéndez Pidal', 'craft': 'shoemaker', 'email': 'catalinacalzados@outlook.com.ar', 'name': 'Catalina Calzados', 'name:es': 'Catalina Calzados', 'opening_hours': 'Mo-Fr 14:00-22:00; Su, Sa 17:00-22:00', 'phone': '+5493515595779'}",-31.3814905,-64.2405357,comercio
Chevromaxs,comercio,chevromaxs@gmail.com,OpenStreetMap,,1.0,+54 351 424 7822,La Tablada 144,http://www.chevromaxs.com.ar,,listo_para_contactar,OSM: etiqueta shop,comercios_email,node:4860134722,"{'addr:housenumber': '144', 'addr:postcode': '5000', 'addr:street': 'La Tablada', 'email': 'chevromaxs@gmail.com', 'name': 'Chevromaxs', 'name:en': 'Chevromaxs', 'name:es': 'Chevromaxs', 'opening_hours': 'Mo-Fr 08:30-13:00, 14:00-18:30; Sa 09:00-13:00', 'phone': '+54 351 424 7822', 'shop': 'car_parts', 'website': 'http://www.chevromaxs.com.ar'}",-31.4083552,-64.1831733,comercio
Parroquia Nuestra Señora del Carmen,dudoso,pquiantrasenoradelcarmen@gmail.com,,,,+54 351 471 9445,Mariano Fragueiro 2950,,,requiere_decision,sin evidencia suficiente para clasificar,comercios_email,node:4958759121,"{'addr:housenumber': '2950', 'addr:street': 'Mariano Fragueiro', 'amenity': 'place_of_worship', 'denomination': 'catholic', 'email': 'pquiantrasenoradelcarmen@gmail.com', 'name': 'Parroquia Nuestra Señora del Carmen', 'opening_hours': 'Tu-Fr 17:00-20:00', 'phone': '+54 351 471 9445', 'religion': 'christian'}",-31.3810122,-64.1836784,comercio
Farmacia Pedernera,comercio,pedernerafarmacia@gmail.com,OpenStreetMap,,1.0,+5493518189594,Duarte Quirós 2252,,,listo_para_contactar,OSM: servicio/comercio,comercios_email,node:5371733300,"{'addr:housenumber': '2252', 'addr:street': 'Duarte Quirós', 'amenity': 'pharmacy', 'email': 'pedernerafarmacia@gmail.com', 'healthcare': 'pharmacy', 'name': 'Farmacia Pedernera', 'opening_hours': 'Mo-Fr 09:00-13:30, 16:30-20:30; Sa 09:00-13:30', 'phone': '+5493518189594'}",-31.4099294,-64.2141029,comercio
Virmanic SA,comercio,jvalles@virmanicsa.com,OpenStreetMap,,1.0,,Avenida de Circunvalación Agustín Tosco,,,listo_para_contactar,OSM: oficina comercial/profesional,comercios_email,node:5593712022,"{'addr:postcode': '5016', 'addr:street': 'Avenida de Circunvalación Agustín Tosco', 'email': 'jvalles@virmanicsa.com', 'name': 'Virmanic SA', 'office': 'company'}",-31.4672839,-64.1836804,comercio
Librería Blackpool,comercio,blackpool@arnet.com.ar,OpenStreetMap,,1.0,+54 351 423 7172,,,,listo_para_contactar,OSM: etiqueta shop,comercios_email,node:5683398492,"{'email': 'blackpool@arnet.com.ar', 'name': 'Librería Blackpool', 'phone': '+54 351 423 7172', 'shop': 'books'}",-31.4144573,-64.1893853,comercio
Venex Computacion,comercio,consultas@venexcomputacion.com,OpenStreetMap,,1.0,,Félix Frías 1203,https://www.venexcomputacion.com,,listo_para_contactar,OSM: etiqueta shop,comercios_email,node:6386201485,"{'addr:housenumber': '1203', 'addr:street': 'Félix Frías', 'email': 'consultas@venexcomputacion.com', 'name': 'Venex Computacion', 'opening_hours': 'Mo-Sa 09:00-18:00', 'phone:AR': '0810-555-8892', 'shop': 'computer', 'website': 'https://www.venexcomputacion.com'}",-31.4042545,-64.1734465,comercio
Paseo La Toscana,comercio,administracion@paseolatoscana.com,OpenStreetMap,,1.0,+54 351 309 6101,Avenida Juan B. Justo 4521,https://paseolatoscana.com.ar/puestos,,listo_para_contactar,OSM: etiqueta shop,comercios_email,node:6428902686,"{'addr:housenumber': '4521', 'addr:postcode': '5000', 'addr:street': 'Avenida Juan B. Justo', 'email': 'administracion@paseolatoscana.com', 'name': 'Paseo La Toscana', 'name:en': 'Mall La Toscana', 'opening_hours': 'We-Su 10:00-22:00', 'phone': '+54 351 309 6101', 'shop': 'clothes', 'website': 'https://paseolatoscana.com.ar/puestos'}",-31.3710313,-64.1763753,comercio
Las 2 Hermanas,comercio,librerialasdoshermanas@gmail.com,OpenStreetMap,,1.0,4769445,Damián Osorio 318,,,listo_para_contactar,OSM: etiqueta shop,comercios_email,node:8412065917,"{'addr:housenumber': '318', 'addr:postcode': '5008', 'addr:street': 'Damián Osorio', 'email': 'librerialasdoshermanas@gmail.com', 'name': 'Las 2 Hermanas', 'opening_hours': 'Mo-Fr 09:00-13:30, 17:30-20:30; Sa 09:30-13:30, 17:30-20:30; Su 10:00-13:00', 'phone': '4769445', 'shop': 'books'}",-31.3668863,-64.1995056,comercio
InfoNegocios,dudoso,correo@infonegocios.info,,,,+5493516691923,"La Cordillera 3447, Córdoba",https://infonegocios.info,,requiere_decision,sin evidencia suficiente para clasificar,comercios_email,node:8517874705,"{'addr:city': 'Córdoba', 'addr:housenumber': '3447', 'addr:postcode': '5009', 'addr:street': 'La Cordillera', 'air_conditioning': 'yes', 'description': 'Diario digital del mundo empresarial. Información videos y fotos sobre los principales acontecimientos y negocios de Córdoba y el interior de Argentina.', 'email': 'correo@infonegocios.info', 'name': 'InfoNegocios', 'office': 'newspaper', 'opening_hours': 'Mo-Fr 09:00-18:00', 'phone': '+5493516691923', 'start_date': '2003-06-08', 'website': 'https://infonegocios.info'}",-31.3660947,-64.2213544,comercio
Imprenta Arguello,comercio,laimprenta.arguello@gmail.com,OpenStreetMap,,1.0,+54 351 704-7618,"Avenida Donato Álvarez 7437, Córdoba",,,listo_para_contactar,OSM: etiqueta shop,comercios_email,node:8776635123,"{'addr:city': 'Córdoba', 'addr:housenumber': '7437', 'addr:street': 'Avenida Donato Álvarez', 'contact:facebook': 'https://www.facebook.com/Imprenta.Arguello', 'email': 'laimprenta.arguello@gmail.com', 'name': 'Imprenta Arguello', 'phone': '+54 351 704-7618', 'shop': 'printing'}",-31.3359586,-64.2619308,comercio
Olmedo Odontología & Estética,comercio,odontologiayestetica.cba@gmail.com,OpenStreetMap,,1.0,+54 9 351 4258008; +54 9 351 4222477,,https://clinicaodontologiayestetica.com/,,listo_para_contactar,OSM: servicio/comercio,comercios_email,node:8786704326,"{'amenity': 'dentist', 'contact:facebook': 'https://www.facebook.com/odontologiayestetica.cba/', 'contact:whatsapp': '+54 9 351 818 8000', 'email': 'odontologiayestetica.cba@gmail.com', 'healthcare': 'dentist', 'name': 'Olmedo Odontología & Estética', 'phone': '+54 9 351 4258008; +54 9 351 4222477', 'website': 'https://clinicaodontologiayestetica.com/'}",-31.4209246,-64.1867686,comercio
Centro para la salud Integral de la Mujer,comercio,sacra@sacracordoba.com.ar,OpenStreetMap,,1.0,,"Santiago del Estero 333, Córdoba",http://www.sacracordoba.com.ar/index-4.html,,listo_para_contactar,OSM: servicio/comercio,comercios_email,node:8825956612,"{'addr:city': 'Córdoba', 'addr:housenumber': '333', 'addr:postcode': '5000', 'addr:street': 'Santiago del Estero', 'amenity': 'clinic', 'email': 'sacra@sacracordoba.com.ar', 'healthcare': 'clinic', 'name': 'Centro para la salud Integral de la Mujer', 'website': 'http://www.sacracordoba.com.ar/index-4.html'}",-31.4141231,-64.1759436,comercio
Roma Motos,comercio,info@romamotos.com.ar,OpenStreetMap,,1.0,+54 351 4580466,"Avenida Amadeo Sabattini 2579, Córdoba",https://romamotos.com.ar,,listo_para_contactar,OSM: etiqueta shop,comercios_email,node:8913689292,"{'addr:city': 'Córdoba', 'addr:housenumber': '2579', 'addr:postcode': '5014', 'addr:street': 'Avenida Amadeo Sabattini', 'currency:ARS': 'yes', 'email': 'info@romamotos.com.ar', 'name': 'Roma Motos', 'opening_hours': 'Mo-Fr 09:00-19:00; Sa 09:30-13:30', 'payment:bank_deposits': 'yes', 'payment:bank_transfer': 'yes', 'payment:cash': 'yes', 'payment:credit_cards': 'yes', 'payment:debit_cards': 'yes', 'payment:maestro': 'yes', 'payment:mastercard': 'yes', 'payment:visa': 'yes', 'payment:visa_debit': 'yes', 'payment:visa_electron': 'yes', 'phone': '+54 351 4580466', 'shop': 'motorcycle_parts', 'website': 'https://romamotos.com.ar'}",-31.432955,-64.1521608,comercio
Szumik,comercio,info@szumik.com.ar,OpenStreetMap,,1.0,+54 810 888 7986,,https://pintureriaszumik.com.ar/,,listo_para_contactar,OSM: etiqueta shop,comercios_email,node:9405144741,"{'email': 'info@szumik.com.ar', 'name': 'Szumik', 'opening_hours': 'Mo-Fr 08:30-18:30; Sa 08:30-13:00', 'phone': '+54 810 888 7986', 'shop': 'paint', 'website': 'https://pintureriaszumik.com.ar/'}",-31.4133487,-64.2258902,comercio
Maestre,comercio,info@maestreiluminacion.com.ar,OpenStreetMap,,1.0,+54 351 487 1438,,http://www.maestreiluminacion.com.ar/,,listo_para_contactar,OSM: etiqueta shop,comercios_email,node:9434971941,"{'email': 'info@maestreiluminacion.com.ar', 'name': 'Maestre', 'phone': '+54 351 487 1438', 'shop': 'lighting', 'website': 'http://www.maestreiluminacion.com.ar/'}",-31.4054085,-64.217902,comercio
Cremolatti,dudoso,info@cremolatti.com.ar,,,,,,https://cremolatti.com.ar/web/,,requiere_decision,sin evidencia suficiente para clasificar,comercios_email,node:9434972315,"{'amenity': 'ice_cream', 'email': 'info@cremolatti.com.ar', 'name': 'Cremolatti', 'website': 'https://cremolatti.com.ar/web/'}",-31.4274454,-64.1887823,comercio
RentAuto Atgentina,dudoso,info@rentautoargentina.com.ar,,,,+54 351 554 2412,,https://www.rentautoargentina.com.ar/,,requiere_decision,sin evidencia suficiente para clasificar,comercios_email,node:9438178299,"{'amenity': 'car_rental', 'email': 'info@rentautoargentina.com.ar', 'name': 'RentAuto Atgentina', 'phone': '+54 351 554 2412', 'website': 'https://www.rentautoargentina.com.ar/'}",-31.3369768,-64.2070813,comercio
Torralba,comercio,info@torralba.com.ar,OpenStreetMap,,1.0,+53 351 351 489 1990,Duarte Quirós 2466,https://www.torralba.com.ar/,,listo_para_contactar,OSM: etiqueta shop,comercios_email,node:9451546049,"{'addr:housenumber': '2466', 'addr:street': 'Duarte Quirós', 'email': 'info@torralba.com.ar', 'name': 'Torralba', 'phone': '+53 351 351 489 1990', 'shop': 'yes', 'website': 'https://www.torralba.com.ar/'}",-31.4091447,-64.2165918,comercio
Delivery Paint,comercio,deliverypaint@gmail.com,OpenStreetMap,,1.0,+54 351 514 9445; +54 264 403 7678,"Avenida Marcelo T. de Alvear 968, Córdoba",https://deliverypaint.com/,,listo_para_contactar,OSM: etiqueta shop,comercios_email,node:10653232229,"{'addr:city': 'Córdoba', 'addr:housenumber': '968', 'addr:postcode': '5000', 'addr:street': 'Avenida Marcelo T. de Alvear', 'brand': 'San Agustín', 'check_date': '2024-08-19', 'contact:instagram': 'https://www.instagram.com/deliverypaint', 'email': 'deliverypaint@gmail.com', 'name': 'Delivery Paint', 'phone': '+54 351 514 9445; +54 264 403 7678', 'shop': 'paint', 'website': 'https://deliverypaint.com/'}",-31.4254753,-64.194425,comercio
Megatone,comercio,atencionalcliente@megatone.net,OpenStreetMap,,1.0,+54 8104446342,,https://www.megatone.net,,listo_para_contactar,OSM: etiqueta shop,comercios_email,node:10676980639,"{'alt_name': 'Megatone.net', 'brand': 'Megatone', 'brand:wikidata': 'Q6009149', 'brand:wikipedia': 'es:Megatone', 'email': 'atencionalcliente@megatone.net', 'instagram': 'https://www.instagram.com/megatone.ar', 'name': 'Megatone', 'opening_hours': 'Mo-Fr 09:00-20:00; Sa 09:00-16:00', 'phone': '+54 8104446342', 'shop': 'electronics', 'website': 'https://www.megatone.net'}",-31.400981,-64.1734057,comercio
Alquiler Auto Aero-Cordoba,dudoso,info@alquilerautocordoba.com.ar,,,,+54 9351 2902990,Avenida La Voz del Interior 7660,https://alquilerautocordoba.com.ar,,requiere_decision,sin evidencia suficiente para clasificar,comercios_email,node:10694807662,"{'addr:housenumber': '7660', 'addr:street': 'Avenida La Voz del Interior', 'amenity': 'car_rental', 'contact:email': 'info@alquilerautocordoba.com.ar', 'name': 'Alquiler Auto Aero-Cordoba', 'phone': '+54 9351 2902990', 'website': 'https://alquilerautocordoba.com.ar'}",-31.3272097,-64.2106393,comercio
El Espejo Libros,comercio,espejoventas@elespejolibros.com.ar,OpenStreetMap,,1.0,+54 351 424 2420,"Deán Funes 163, Córdoba",https://www.elespejolibros.com.ar/,,listo_para_contactar,OSM: etiqueta shop,comercios_email,node:10697958865,"{'addr:city': 'Córdoba', 'addr:housenumber': '163', 'addr:postcode': '5000', 'addr:street': 'Deán Funes', 'contact:email': 'espejoventas@elespejolibros.com.ar', 'description': 'Deán Funes 163. Local 4 y 5. Paseo Santa Catalina.', 'name': 'El Espejo Libros', 'phone': '+54 351 424 2420', 'shop': 'books', 'website': 'https://www.elespejolibros.com.ar/'}",-31.4155703,-64.1862346,comercio
OlmedoOdontologia,comercio,consultorioolmedo@hotmail.com,OpenStreetMap,,1.0,351818800,Bulevar San Juan 67,https://www.olmedoodontologia.com.ar/,,listo_para_contactar,OSM: servicio/comercio,comercios_email,node:10757364305,"{'addr:housenumber': '67', 'addr:postcode': '5000', 'addr:street': 'Bulevar San Juan', 'amenity': 'clinic', 'email': 'Consultorioolmedo@hotmail.com', 'healthcare': 'clinic', 'name': 'OlmedoOdontologia', 'opening_hours': 'Tu-Fr 09:00-18:00; Su,Sa 09:00-18:00; Mo 09:00-18:00', 'phone': '351818800', 'website': 'https://www.olmedoodontologia.com.ar/'}",-31.4211902,-64.1871057,comercio
BAfarma - Farmacia Bosque Alvarez,comercio,contacto@bafarma.com,OpenStreetMap,,1.0,+543514214207,"Avenida Maipú 139, Córdoba",https://bafarma.com/,,listo_para_contactar,OSM: servicio/comercio,comercios_email,node:10979743359,"{'addr:city': 'Córdoba', 'addr:housenumber': '139', 'addr:postcode': '5000', 'addr:street': 'Avenida Maipú', 'amenity': 'pharmacy', 'amenity_1': 'perfumery', 'brand': 'BAfarma - Farmacia Bosque Alvarez', 'contact:facebook': 'https://www.facebook.com/bafarmaoficial', 'description': 'SOMOS UNA FARMACIA ENFOCADA EN BRINDARTE UN SERVICIO DE ATENCIÓN INTEGRAL PARA TU SALUD - BIENESTAR. ESTAMOS UBICADOS EN CÓRDOBA.', 'dispensing': 'yes', 'drive_through': 'yes', 'email': 'contacto@bafarma.com', 'healthcare': 'pharmacy', 'name': 'BAfarma - Farmacia Bosque Alvarez', 'opening_hours': 'Mo-Fr 08:30-20:00', 'operator': 'Farmacia', 'payment:account_cards': 'yes', 'payment:american_express': 'yes', 'payment:app': 'yes', 'payment:apple_pay': 'yes', 'payment:cards': 'yes', 'payment:cash': 'yes', 'payment:contactless': 'yes', 'payment:credit_cards': 'yes', 'payment:debit_cards': 'yes', 'payment:diners_club': 'yes', 'payment:discover_card': 'yes', 'payment:google_pay': 'yes', 'payment:maestro': 'yes', 'payment:mastercard': 'yes', 'payment:mastercard_contactless': 'yes', 'payment:telephone_cards': 'yes', 'payment:unionpay': 'yes', 'payment:visa': 'yes', 'payment:visa_debit': 'yes', 'phone': '+543514214207', 'start_date': '1985-05-25', 'website': 'https://bafarma.com/', 'wheelchair': 'yes'}",-31.4154901,-64.1794361,comercio
Service Impresoras,comercio,simpresoras@gmail.com,OpenStreetMap,,1.0,+54 351 503 8306,"Bedoya 1141, Córdoba",https://www.serviceimpresoras.com,,listo_para_contactar,OSM: etiqueta shop,comercios_email,node:11372949430,"{'addr:city': 'Córdoba', 'addr:housenumber': '1141', 'addr:postcode': 'X5000GVU', 'addr:street': 'Bedoya', 'description': 'Reparación y mantenimiento de Impresoras a Tintas, Lásers, Térmicas, Matriciales, Tickeadoras, Stickeadoras, Tarjeteras, Fotocopiadoras y Plotters en Córdoba.', 'email': 'simpresoras@gmail.com', 'name': 'Service Impresoras', 'opening_hours': 'Mo-Fr 08:00-17:00', 'operator': 'Service Impresoras', 'payment:cash': 'yes', 'payment:debit_cards': 'yes', 'phone': '+54 351 503 8306', 'shop': 'computer', 'website': 'https://www.serviceimpresoras.com'}",-31.3962663,-64.1925061,comercio
Banco de Sangre – Instituto de Hematología y Hemoterapia  (UNC),comercio,direccionmedica@ihh.unc.edu.ar,OpenStreetMap,,1.0,+54 351 433 4121,Enfermera Gordillo Gómez,https://bancodesangre.turnos.unc.edu.ar/,,listo_para_contactar,OSM: healthcare,comercios_email,node:11392497969,"{'addr:street': 'Enfermera Gordillo Gómez', 'contact:facebook': 'bancodesangreunc', 'contact:instagram': 'bancodesangreunc', 'email': 'direccionmedica@ihh.unc.edu.ar', 'healthcare': 'blood_donation', 'name': 'Banco de Sangre – Instituto de Hematología y Hemoterapia  (UNC)', 'name:es': 'Banco de Sangre – Instituto de Hematología y Hemoterapia (UNC)', 'opening_hours': 'Mo-Fr 07:30-12:00', 'phone': '+54 351 433 4121', 'website': 'https://bancodesangre.turnos.unc.edu.ar/'}",-31.4379571,-64.1878064,comercio
Xipa,comercio,info.xipa@gmail.com,OpenStreetMap,,1.0,+54 351 255 0067,"Avenida Río de Janeiro, Villa Allende",www.Xipa.com.ar,,listo_para_contactar,OSM: oficina comercial/profesional,comercios_email,node:11564697471,"{'addr:city': 'Villa Allende', 'addr:street': 'Avenida Río de Janeiro', 'contact:facebook': 'https://www.facebook.com/somosxipa?ti=as', 'contact:instagram': 'https://www.instagram.com/xipa.ok', 'contact:whatsapp': '+54 351 2550067', 'email': 'info.xipa@gmail.com', 'name': 'Xipa', 'office': 'company', 'phone': '+54 351 255 0067', 'website': 'www.Xipa.com.ar'}",-31.2880745,-64.2924201,comercio
Unifit,comercio,hola@unifit.ar,OpenStreetMap,,1.0,+54 351 767-0180,San Lorenzo 181,https://unifit.com.ar,,listo_para_contactar,OSM: etiqueta shop,comercios_email,node:12292661086,"{'addr:housenumber': '181', 'addr:street': 'San Lorenzo', 'check_date': '2024-10-27', 'clothes': 'sports', 'contact:instagram': 'https://www.instagram.com/unifit.ar', 'email': 'hola@unifit.ar', 'internet_access': 'no', 'name': 'Unifit', 'opening_hours': 'Mo-Sa 10:00-14:30,16:00-20:00', 'payment:cash': 'yes', 'payment:credit_cards': 'yes', 'payment:debit_cards': 'yes', 'phone': '+54 351 767-0180', 'shop': 'clothes', 'website': 'https://unifit.com.ar', 'wheelchair': 'yes'}",-31.423927,-64.1845737,comercio
Luminotecnia,comercio,info@luminotecnia.com.ar,OpenStreetMap,,1.0,+54 351 863-3950,Achával Rodríguez 220,https://luminotecnia.com.ar,,listo_para_contactar,OSM: etiqueta shop,comercios_email,node:12662765459,"{'addr:housenumber': '220', 'addr:street': 'Achával Rodríguez', 'check_date': '2025-02-25', 'email': 'info@luminotecnia.com.ar', 'name': 'Luminotecnia', 'phone': '+54 351 863-3950', 'shop': 'lighting', 'website': 'https://luminotecnia.com.ar'}",-31.4244657,-64.1909262,comercio
Hospital Veterinario Córdoba,comercio,hospitalveterinariocba@gmail.com,OpenStreetMap,,1.0,+54 351 703-3000,Fructuoso Rivera 35,,,listo_para_contactar,OSM: servicio/comercio,comercios_email,node:12736148314,"{'addr:housenumber': '35', 'addr:street': 'Fructuoso Rivera', 'amenity': 'veterinary', 'check_date': '2025-04-05', 'contact:instagram': 'https://www.instagram.com/hospitalveterinario.cba', 'email': 'hospitalveterinariocba@gmail.com', 'name': 'Hospital Veterinario Córdoba', 'opening_hours': '24/7', 'payment:cash': 'yes', 'payment:credit_cards': 'yes', 'payment:debit_cards': 'yes', 'phone': '+54 351 703-3000'}",-31.4266619,-64.1889951,comercio
Tienda Florencia,comercio,florenciagrowshop@gmail.com,OpenStreetMap,,1.0,+54 3513229960,"Avenida Colón 140, Córdoba",https://tiendaflorencia.mitiendanube.com/,,listo_para_contactar,OSM: etiqueta shop,comercios_email,node:13087238198,"{'addr:city': 'Córdoba', 'addr:housenumber': '140', 'addr:postcode': '5000', 'addr:street': 'Avenida Colón', 'description': 'Tu espacio verde en línea\nTienda Florencia es más que una tienda de cultivos en línea; es un refugio para los apasionados del cuidado de las plantas. Ubicados virtualmente en la ciudad de Córdoba, ofrecemos un espacio donde cada planta recibe la atención', 'email': 'florenciagrowshop@gmail.com', 'image': 'https://dcdn-us.mitiendanube.com/stores/006/346/182/themes/common/logo-1082863946-1749745241-2a8cc3059307805f93ae032c221bfd221749745241-480-0.webp', 'internet_access': 'wlan', 'name': 'Tienda Florencia', 'opening_hours': 'Mo-Fr 09:00-20:00', 'payment:cash': 'yes', 'payment:contactless': 'yes', 'payment:lightning': 'yes', 'payment:transferencia': 'yes', 'phone': '+54 3513229960', 'shop': 'catalogue', 'website': 'https://tiendaflorencia.mitiendanube.com/'}",-31.4100359,-64.1945626,comercio
Academia Arguello,dudoso,institucional@aa.edu.ar,,,,,"German Vagni, Córdoba",https://aa.edu.ar/,,requiere_decision,sin evidencia suficiente para clasificar,comercios_email,node:13112975638,"{'addr:city': 'Córdoba', 'addr:street': 'German Vagni', 'amenity': 'school', 'contact:facebook': 'https://www.facebook.com/academiaarguello/', 'contact:instagram': 'https://www.instagram.com/colegioacademiaarguello/', 'email': 'institucional@aa.edu.ar', 'name': 'Academia Arguello', 'website': 'https://aa.edu.ar/'}",-31.3354677,-64.2555739,comercio
Centro de Investigaciones y Estudios sobre Cultura y Sociedad (CIECS),dudoso,secretariaciecs@gmail.com,,,,,,,,requiere_decision,sin evidencia suficiente para clasificar,comercios_email,node:13170008915,"{'check_date': '2025-09-25', 'email': 'secretariaciecs@gmail.com', 'name': 'Centro de Investigaciones y Estudios sobre Cultura y Sociedad (CIECS)', 'office': 'educational_institution', 'opening_hours': 'Mo-Fr 09:00-18:00', 'operator': 'Consejo Nacional de Investigaciones Científicas y Tecnológicas', 'wheelchair': 'yes'}",-31.4375019,-64.1853231,comercio
Fundación Mueve,generador,fundacion@mueve.org.ar,OpenStreetMap,,1.0,,"Miguel Calixto del Corro 2417, Córdoba",https://mueve.org.ar/,,listo_para_contactar,"organización con afiliados, asociados o beneficiarios",comercios_email,node:13663093670,"{'addr:city': 'Córdoba', 'addr:housenumber': '2417', 'addr:street': 'Miguel Calixto del Corro', 'email': 'fundacion@mueve.org.ar', 'name': 'Fundación Mueve', 'office': 'foundation', 'website': 'https://mueve.org.ar/', 'wheelchair': 'no'}",-31.4398105,-64.2032342,comercio
Tecnoplus Casa Informática,comercio,tecnoplus@live.com.ar,OpenStreetMap,,1.0,+54 351 530 1004,Avenida Revolución de Mayo 1782,http://www.tecnoplusshop.com.ar,,listo_para_contactar,OSM: etiqueta shop,comercios_email,node:13723561602,"{'addr:housenumber': '1782', 'addr:postcode': '5014', 'addr:street': 'Avenida Revolución de Mayo', 'email': 'tecnoplus@live.com.ar', 'internet_access': 'wlan', 'name': 'Tecnoplus Casa Informática', 'opening_hours': 'Mo-Fr 09:30-20:30; Sa 10:00-14:00', 'phone': '+54 351 530 1004', 'shop': 'computer', 'website': 'http://www.tecnoplusshop.com.ar'}",-31.4393001,-64.1621864,comercio
Ópticas Lauricella,comercio,opticas.lauricella@gmail.com,OpenStreetMap,,1.0,+54 9 351 2481588,"Avenida Colón 2691, Córdoba",https://www.opticaslauricella.com.ar/,,listo_para_contactar,OSM: etiqueta shop,comercios_email,node:13995248540,"{'addr:city': 'Córdoba', 'addr:housenumber': '2691', 'addr:postcode': 'X5003', 'addr:street': 'Avenida Colón', 'email': 'opticas.lauricella@gmail.com', 'name': 'Ópticas Lauricella', 'phone': '+54 9 351 2481588', 'shop': 'optician', 'website': 'https://www.opticaslauricella.com.ar/'}",-31.4036303,-64.2171444,comercio
"Stock In - Mayorista Multimarcas - Lexico, Oreiro Love y muchas más.",comercio,pedidos@mhtendencias.com.ar,OpenStreetMap,,1.0,+54 9 351 7180888,,https://www.stockin.ar,,listo_para_contactar,OSM: etiqueta shop,comercios_email,node:14002766908,"{'air_conditioning': 'yes', 'branch': 'Principal', 'brand': 'Lexico', 'clothes': 'carteras;mochilas;cinturones;mochilas_portanotebook;moda;escolar;textil;tiempo_libre;viaje;regalos_empresariales;billeteras_hombre;billeteras_dama;ficheros;bandoleras;morrales;maternales;carteras_de_fiesta;portacosméticos;riñoneras;mochilas_infantiles', 'contact:facebook': 'https://web.facebook.com/stockin.ar', 'contact:instagram': 'https://www.instagram.com/stockin_ar/', 'description': 'Stock In® Mayorista: Moda, Escolar, Oficina, Viaje, Textil y Regalos. Billeteras, carteras, mochilas, valijas, paraguas y demás accesorios 🎒 Lexico, Oreiro, Trendy, Pierre Cardin, Amayra, Lexico, Everlast, Wilson, Head, Wanderlust, Chimola, Skora. 🛒', 'email': 'pedidos@mhtendencias.com.ar', 'image': 'https://www.stockin.ar/img/cms/StockinCorrientes145.jpg', 'internet_access': 'yes', 'loc_name': 'Stock In®', 'mobile': '+5493517141416', 'name': 'Stock In - Mayorista Multimarcas - Lexico, Oreiro Love y muchas más.', 'note': '¡NUEVA UBICACIÓN DE STOCK IN®! 📍💼\n\n¡Hola! Nos renovamos para darte siempre el mejor servicio y la mayor variedad del mercado. Te esperamos en nuestras nuevas oficinas y showroom mayorista:\n\n🏢 Dirección: Jerónimo Luis de Cabrera 1056, Alta Córdoba, Córdoba', 'opening_hours': 'Mo-Fr 09:00-17:00', 'operator': 'Oreiro Love', 'payment:app': 'yes', 'payment:cash': 'yes', 'payment:cheque': 'yes', 'payment:credit_cards': 'yes', 'phone': '+54 9 351 7180888', 'shop': 'fashion_accessories', 'website': 'https://www.stockin.ar'}",-31.395308,-64.1907485,comercio
"Tienda Lexico - Moda y Complementos - Carteras, Mochilas, Valijas y Accesorios",comercio,tiendalexico@mhtendencias.com.ar,OpenStreetMap,,1.0,+54 9 351 669 8309,"Rodríguez del Busto 2995, Córdoba",https://www.tiendalexico.ar,,listo_para_contactar,OSM: etiqueta shop,comercios_email,node:14002811274,"{'addr:city': 'Córdoba', 'addr:housenumber': '2995', 'addr:postcode': '5009', 'addr:street': 'Rodríguez del Busto', 'branch': 'Principal', 'brand': 'Lexico', 'clothes': 'fashion;unisex;carteras;mochilas;bandoleras;morrales;bolsos;valijas;accesorios;billeteras;escolar_y_oficina;textil;oreiro_love;everlast;wilson;trendy;pierre_cardin;motor_oil;muaa;ona_saez;portacosméticos;mayoristas;importadores;amayra;chimola', 'contact:facebook': 'https://web.facebook.com/tiendalexico.ar', 'contact:instagram': 'https://www.instagram.com/tiendalexico', 'description': 'Tienda Lexico: Carteras, billeteras, mochilas, valijas, textil y accesorios de moda 🎒 Lexico, Oreiro Love, Trendy, Pierre Cardin, Amayra, Everlast, Wilson, Chimola, Wanderlust, Skora. 💼 ¡Y canal mayorista con Stock In!', 'email': 'tiendalexico@mhtendencias.com.ar', 'image': 'https://www.tiendalexico.ar/img/cms/3365%20(4).jpg', 'internet_access': 'yes', 'loc_name': 'Tienda Lexico', 'name': 'Tienda Lexico - Moda y Complementos - Carteras, Mochilas, Valijas y Accesorios', 'note': '¡VISITÁ TIENDA LEXICO EN RODRÍGUEZ DEL BUSTO 2995! 📍🛍️\n¡Hola! Te esperamos en nuestro local exclusivo de venta al público para que descubras la mayor variedad en marroquinería y accesorios de moda con la mejor atención personalizada.', 'opening_hours': 'Llamar para cita', 'payment:cash': 'yes', 'payment:credit_cards': 'yes', 'payment:debit_cards': 'yes', 'payment:maestro': 'yes', 'payment:mastercard': 'yes', 'payment:mastercard_contactless': 'yes', 'payment:mastercard_debit': 'yes', 'payment:mastercard_electron': 'yes', 'payment:mastercard_electronic': 'yes', 'payment:mastercard_paypass': 'yes', 'payment:masterpass': 'yes', 'payment:visa': 'yes', 'payment:visa_contactless': 'yes', 'payment:visa_debit': 'yes', 'payment:visa_electron': 'yes', 'payment:visa_pay': 'yes', 'payment:visa_paywave': 'yes', 'phone': '+54 9 351 669 8309', 'shop': 'fashion_accessories', 'website': 'https://www.tiendalexico.ar'}",-31.3743431,-64.2225166,comercio
ALB,comercio,ventas@albamoblamientos.com.ar,OpenStreetMap,,1.0,+54 351 428 2631,General Alvear 573,https://www.albamoblamientos.com.ar,,listo_para_contactar,OSM: etiqueta shop,comercios_email,node:14063955360,"{'addr:housenumber': '573', 'addr:street': 'General Alvear', 'email': 'ventas@albamoblamientos.com.ar', 'name': 'ALB', 'panoramax': 'a41df31b-dfba-4bbb-b272-8759c62d00eb', 'phone': '+54 351 428 2631', 'shop': 'kitchen', 'website': 'https://www.albamoblamientos.com.ar'}",-31.410144,-64.1787078,comercio
Alas Centro de Rehabilitación Integral Infantojuvenil,comercio,info@centroalas.com.ar,OpenStreetMap,,1.0,+54 351 810 9388,"Padre Lozano 165, Córdoba",https://alascentro.com.ar/,,listo_para_contactar,OSM: healthcare,comercios_email,node:14095603458,"{'addr:city': 'Córdoba', 'addr:housenumber': '165', 'addr:street': 'Padre Lozano', 'email': 'info@centroalas.com.ar', 'healthcare': 'rehabilitation', 'healthcare:speciality': 'child_psychiatry;physiatry', 'name': 'Alas Centro de Rehabilitación Integral Infantojuvenil', 'phone': '+54 351 810 9388', 'website': 'https://alascentro.com.ar/'}",-31.4073491,-64.2174473,comercio
Quinto Deva,dudoso,productoraquintodeva@gmail.com,,,,,Pasaje Agustín Pérez 10,https://quintodeva.blogspot.com/,,requiere_decision,sin evidencia suficiente para clasificar,comercios_email,node:14109764770,"{'addr:housenumber': '10', 'addr:street': 'Pasaje Agustín Pérez', 'amenity': 'arts_centre', 'email': 'productoraquintodeva@gmail.com', 'name': 'Quinto Deva', 'website': 'https://quintodeva.blogspot.com/'}",-31.4053106,-64.1779094,comercio
Qumana,comercio,info@espacioqumana.com.ar,OpenStreetMap,,1.0,+54 9 351 380 5033,"Pedro Goyena 174, Córdoba",https://espacioqumana.com.ar/,,listo_para_contactar,OSM: healthcare,comercios_email,node:14131441783,"{'addr:city': 'Córdoba', 'addr:housenumber': '174', 'addr:street': 'Pedro Goyena', 'email': 'info@espacioqumana.com.ar', 'healthcare': 'rehabilitation', 'healthcare:speciality': 'applied_kinesiology;psychology;physiatry', 'name': 'Qumana', 'opening_hours': 'Mo-Fr 08:00-20:00; Sa-Su off; PH off', 'phone': '+54 9 351 380 5033', 'website': 'https://espacioqumana.com.ar/'}",-31.4084811,-64.2143153,comercio
ITV Chateau (Inspección Técnica Vehicular),comercio,itv.cordoba@opuslatam.com,OpenStreetMap,,1.0,0800 888 8488,,https://itvcordoba.com.ar/,,listo_para_contactar,actividad comercial identificable,comercios_email,way:304522280,"{'amenity': 'vehicle_inspection', 'building': 'yes', 'email': 'itv.cordoba@opuslatam.com', 'name': 'ITV Chateau (Inspección Técnica Vehicular)', 'opening_hours': 'Mo-Fr 08:00-15:45; Sa 08:00-13:00', 'operator': 'Opus Inspection', 'phone': '0800 888 8488', 'website': 'https://itvcordoba.com.ar/'}",-31.3885559,-64.2619216,comercio
Colegio Gabriel Taborín,dudoso,direcciongeneral@taborin.edu.ar,,,,+54 351 458 0095,"Avenida Amadeo Sabattini 359, Córdoba",https://www.taborin.edu.ar/,,requiere_decision,sin evidencia suficiente para clasificar,comercios_email,way:317143214,"{'addr:city': 'Córdoba', 'addr:housenumber': '359', 'addr:postcode': '5000', 'addr:street': 'Avenida Amadeo Sabattini', 'amenity': 'school', 'email': 'direcciongeneral@taborin.edu.ar', 'name': 'Colegio Gabriel Taborín', 'phone': '+54 351 458 0095', 'website': 'https://www.taborin.edu.ar/'}",-31.4260487,-64.1724626,comercio
Colegio Santa Teresita,dudoso,monseadriana@live.com,,,,,"Avenida Enrique Bodereau 8168, Córdoba, Villa Rivera Indarte",,,requiere_decision,sin evidencia suficiente para clasificar,comercios_email,way:534349707,"{'addr:city': 'Córdoba, Villa Rivera Indarte', 'addr:housenumber': '8168', 'addr:postcode': '5149', 'addr:street': 'Avenida Enrique Bodereau', 'amenity': 'school', 'email': 'monseadriana@live.com', 'isced:level': '1', 'name': 'Colegio Santa Teresita'}",-31.3278896,-64.2874336,comercio
Tagle,comercio,info@taglerenault.com.ar,OpenStreetMap,,1.0,+54 351 524-2000,"Avenida Santa Ana 6499, Córdoba",https://www.tagle.com.ar/,,listo_para_contactar,OSM: etiqueta shop,comercios_email,way:576415386,"{'addr:city': 'Córdoba', 'addr:country': 'AR', 'addr:housenumber': '6499', 'addr:postcode': '5003', 'addr:province': 'Córdoba', 'addr:street': 'Avenida Santa Ana', 'brand': 'Renault', 'building': 'yes', 'building:levels': '2', 'contact:facebook': 'https://www.facebook.com/TagleRenault/', 'email': 'info@taglerenault.com.ar', 'name': 'Tagle', 'opening_hours': 'Mo-Fr 08:30-18:00', 'operator': 'Autocity', 'phone': '+54 351 524-2000', 'service': 'dealer', 'shop': 'car_repair', 'website': 'https://www.tagle.com.ar/'}",-31.4132211,-64.2674099,comercio
Motcor,comercio,motcor@motcor.com.ar,OpenStreetMap,,1.0,,"Avenida Santa Ana 6499, Córdoba",https://www.motcor.com.ar/,,listo_para_contactar,OSM: etiqueta shop,comercios_email,way:576415387,"{'addr:city': 'Córdoba', 'addr:country': 'AR', 'addr:housenumber': '6499', 'addr:postcode': '5003', 'addr:province': 'Córdoba', 'addr:street': 'Avenida Santa Ana', 'brand': 'Fiat', 'building': 'yes', 'building:levels': '2', 'contact:facebook': 'https://www.facebook.com/Motcor/', 'email': 'motcor@motcor.com.ar', 'name': 'Motcor', 'opening_hours': 'Mo-Fr 08:30-18:00', 'operator': 'Autocity', 'phone:AR': '0810-444-6682', 'service': 'dealer', 'shop': 'car_repair', 'website': 'https://www.motcor.com.ar/'}",-31.4122232,-64.2674184,comercio
Avant,comercio,marketing@avantpeugeot.com.ar,OpenStreetMap,,1.0,+54 351 442-4900,"Avenida Santa Ana 6499, Córdoba",http://www.avantpeugeot.com.ar/,,listo_para_contactar,OSM: etiqueta shop,comercios_email,way:576415388,"{'addr:city': 'Córdoba', 'addr:country': 'AR', 'addr:housenumber': '6499', 'addr:postcode': '5003', 'addr:province': 'Córdoba', 'addr:street': 'Avenida Santa Ana', 'brand': 'Peugeot', 'building': 'yes', 'building:levels': '2', 'contact:facebook': 'https://www.facebook.com/Peugeot.Avant/', 'contact:twitter': 'https://www.twitter.com/avantpeugeot', 'email': 'marketing@avantpeugeot.com.ar', 'name': 'Avant', 'opening_hours': 'Mo-Fr 08:30-18:00', 'operator': 'Autocity', 'phone': '+54 351 442-4900', 'service': 'dealer', 'shop': 'car_repair', 'website': 'http://www.avantpeugeot.com.ar/'}",-31.4137674,-64.2674059,comercio
Bondio,comercio,motosonline@bondio.com.ar,OpenStreetMap,,1.0,+54 351 455-6691,"Avenida Amadeo Sabattini 2292, Córdoba",https://www.bondio.com.ar/,,listo_para_contactar,OSM: etiqueta shop,comercios_email,way:585483420,"{'addr:city': 'Córdoba', 'addr:country': 'AR', 'addr:housenumber': '2292', 'addr:postcode': '5000', 'addr:province': 'Córdoba', 'addr:street': 'Avenida Amadeo Sabattini', 'brand': 'Honda', 'brand:wikidata': 'Q9584', 'brand:wikipedia': 'en:Honda', 'building': 'yes', 'building:levels': '2', 'contact:facebook': 'https://www.facebook.com/BondioMotos/', 'contact:instagram': 'https://www.instagram.com/BondioMotos/', 'email': 'motosonline@bondio.com.ar', 'motorcycle:repair': 'yes', 'motorcycle:sales': 'yes', 'name': 'Bondio', 'opening_hours': 'Mo-Fr 09:00-13:00,15:00-19:00; Sa 09:00-13:00', 'phone': '+54 351 455-6691', 'shop': 'motorcycle', 'website': 'https://www.bondio.com.ar/'}",-31.4334382,-64.1553999,comercio
Ames Motos,comercio,ventas@amesmotos.com.ar,OpenStreetMap,,1.0,+54 351 429-7380,"Humberto Primo 69, Córdoba",https://www.amesmotos.com.ar/,,listo_para_contactar,OSM: etiqueta shop,comercios_email,way:585483421,"{'addr:city': 'Córdoba', 'addr:country': 'AR', 'addr:housenumber': '69', 'addr:postcode': '5000', 'addr:province': 'Córdoba', 'addr:street': 'Humberto Primo', 'brand': 'Honda', 'brand:wikidata': 'Q9584', 'brand:wikipedia': 'en:Honda', 'building': 'yes', 'building:levels': '5', 'contact:facebook': 'https://www.facebook.com/amesmotos/', 'email': 'ventas@amesmotos.com.ar', 'motorcycle:repair': 'yes', 'motorcycle:sales': 'yes', 'name': 'Ames Motos', 'opening_hours': 'Mo-Sa 09:00-19:00', 'phone': '+54 351 429-7380', 'shop': 'motorcycle', 'website': 'https://www.amesmotos.com.ar/'}",-31.4100807,-64.1825805,comercio
IPET N° 249 Nicolás Copérnico,dudoso,ipet249@gmail.com,,,,+54 351 433 1662,"Mariano Moreno 551, Córdoba",http://www.ipet249.edu.ar,,requiere_decision,sin evidencia suficiente para clasificar,comercios_email,way:975841167,"{'addr:city': 'Córdoba', 'addr:housenumber': '551', 'addr:postcode': '5000', 'addr:street': 'Mariano Moreno', 'amenity': 'school', 'email': 'ipet249@gmail.com', 'name': 'IPET N° 249 Nicolás Copérnico', 'phone': '+54 351 433 1662', 'website': 'http://www.ipet249.edu.ar'}",-31.4188283,-64.1995101,comercio
Clinica Privada Gallia,comercio,info@centrogallia.com,OpenStreetMap,,1.0,+54 810 444 2554,"Evangelista Torricelli 5615, Córdoba",http://www.clinicagallia.com/,,listo_para_contactar,OSM: servicio/comercio,comercios_email,way:1053224284,"{'addr:city': 'Córdoba', 'addr:full': 'Evangelista Torricelli 5615', 'addr:housenumber': '5615', 'addr:postcode': '5147', 'addr:street': 'Evangelista Torricelli', 'amenity': 'clinic', 'building': 'yes', 'email': 'info@centrogallia.com', 'healthcare': 'clinic', 'healthcare:speciality': 'dentist;plastic_surgery;fertility', 'name': 'Clinica Privada Gallia', 'operator:type': 'private', 'phone': '+54 810 444 2554', 'ref:sisa_codigo': '10140142331059', 'ref:sisa_tipologia': 'ESCIG', 'website': 'http://www.clinicagallia.com/'}",-31.3585542,-64.2473697,comercio
Colegio Fasta Cura Brochero,dudoso,info@brochero.redfasta.edu.ar,,,,,,https://brochero.redfasta.edu.ar/,,requiere_decision,sin evidencia suficiente para clasificar,comercios_email,way:1343490660,"{'amenity': 'school', 'email': 'info@brochero.redfasta.edu.ar', 'landuse': 'education', 'min_age': '3', 'name': 'Colegio Fasta Cura Brochero', 'operator': 'FASTA', 'school:gender': 'mixed', 'website': 'https://brochero.redfasta.edu.ar/'}",-31.4879269,-64.2688041,comercio
Colegio Nacional de Monserrat,dudoso,monserrat@cnm.unc.edu.ar,,,,+54 351 535 3940,"Obispo Trejo y Sanabria 294, Córdoba",https://monserrat.unc.edu.ar/,,requiere_decision,sin evidencia suficiente para clasificar,comercios_email,relation:13284202,"{'addr:city': 'Córdoba', 'addr:housenumber': '294', 'addr:postcode': 'X5000', 'addr:street': 'Obispo Trejo y Sanabria', 'amenity': 'school', 'building': 'yes', 'building:levels': '3', 'email': 'monserrat@cnm.unc.edu.ar', 'heritage': '1', 'heritage:operator': 'whc', 'historic': 'heritage', 'name': 'Colegio Nacional de Monserrat', 'phone': '+54 351 535 3940', 'type': 'multipolygon', 'website': 'https://monserrat.unc.edu.ar/', 'wikidata': 'Q5142862', 'wikipedia': 'es:Colegio Nacional de Monserrat'}",-31.4186488,-64.1870635,comercio
Dinosaurio Mall,comercio,info@grupodinosaurio.com,web_publica,https://grupodinosaurio.com/,0.8,+54 351 526 1500,Rodríguez del Busto 4086,https://www.grupodinosaurio.com/,,listo_para_contactar,OSM: etiqueta shop,comercios_shop,node:643269288,"{'addr:housenumber': '4086', 'addr:street': 'Rodríguez del Busto', 'description': 'Dinosaurio (Rofriguez del Busto)', 'name': 'Dinosaurio Mall', 'opening_hours': 'Mo-Su 10:00-22:00', 'phone': '+54 351 526 1500', 'shop': 'mall', 'toilets': 'yes', 'website': 'https://www.grupodinosaurio.com/'}",-31.3670883,-64.219337,comercio
ANSES,dudoso,,,,,,,http://www.anses.gob.ar/,,requiere_decision,sin evidencia suficiente para clasificar,comercios_shop,node:2619692250,"{'admin_level': '2', 'contact:website': 'http://www.anses.gob.ar/', 'government': 'social_security', 'name': 'ANSES', 'office': 'government', 'wikidata': 'Q830348'}",-31.4163266,-64.1825127,comercio
Oficina de Licencias de Conducir,dudoso,,,,,,,,,requiere_decision,sin evidencia suficiente para clasificar,comercios_shop,node:2701616393,"{'name': 'Oficina de Licencias de Conducir', 'name:es': 'Centro de monitoreo seguridad ciudadana', 'office': 'government'}",-31.2969952,-64.2920626,comercio
Dirección General de Rentas - Receptoría,dudoso,,,,,,"Saavedra 206, Villa Allende",,,requiere_decision,sin evidencia suficiente para clasificar,comercios_shop,node:2701620719,"{'addr:city': 'Villa Allende', 'addr:housenumber': '206', 'addr:postcode': '5105', 'addr:street': 'Saavedra', 'name': 'Dirección General de Rentas - Receptoría', 'office': 'government'}",-31.293618,-64.2956653,comercio
Ministerio de Ciencia y Tecnología de la Provincia de Córdoba,dudoso,,,,,,,,,requiere_decision,sin evidencia suficiente para clasificar,comercios_shop,node:2935800654,"{'government': 'ministry', 'name': 'Ministerio de Ciencia y Tecnología de la Provincia de Córdoba', 'office': 'government'}",-31.4203593,-64.1712806,comercio
Registro Civil,dudoso,,,,,,,,,requiere_decision,sin evidencia suficiente para clasificar,comercios_shop,node:3059240254,"{'government': 'register_office', 'name': 'Registro Civil', 'office': 'government'}",-31.2979432,-64.2935595,comercio
Dirección de Policía Fiscal,dudoso,,,,,,,,,requiere_decision,sin evidencia suficiente para clasificar,comercios_shop,node:3220119500,"{'name': 'Dirección de Policía Fiscal', 'office': 'government', 'opening_hours': 'Mo-Fr 08:00-18:00'}",-31.406974,-64.1815762,comercio
Global Visum,dudoso,,,,,,"Agustín Garzón 1691, Córdoba",,,requiere_decision,sin evidencia suficiente para clasificar,comercios_shop,node:3258372157,"{'addr:city': 'Córdoba', 'addr:housenumber': '1691', 'addr:street': 'Agustín Garzón', 'name': 'Global Visum', 'office': 'it'}",-31.4242,-64.1623788,comercio
Manifesto,comercio,info@manifesto.com.ar,web_publica,https://www.manifesto.com.ar/,1.0,+54 351 474 0972,"General Bustos 774, Córdoba",https://www.manifesto.com.ar/,,listo_para_contactar,OSM: etiqueta shop,comercios_shop,node:3441737231,"{'addr:city': 'Córdoba', 'addr:housenumber': '774', 'addr:street': 'General Bustos', 'name': 'Manifesto', 'phone': '+54 351 474 0972', 'shop': 'yes', 'website': 'https://www.manifesto.com.ar/'}",-31.4008551,-64.1889353,comercio
CENTRO EDUCATIVO OBISPO ESQUIU- 250 alumnos,dudoso,,,,,,,,,requiere_decision,sin evidencia suficiente para clasificar,comercios_shop,node:3818038366,"{'name': 'CENTRO EDUCATIVO OBISPO ESQUIU- 250 alumnos', 'office': 'educational_institution'}",-31.3590448,-64.1076981,comercio
Consulado de Bolivia,dudoso,,,,,,"Figueroa Cáceres 368, Córdoba",,,requiere_decision,sin evidencia suficiente para clasificar,comercios_shop,node:3846881453,"{'addr:city': 'Córdoba', 'addr:housenumber': '368', 'addr:street': 'Figueroa Cáceres', 'consulate': 'yes', 'country': 'BO', 'diplomatic': 'consulate', 'name': 'Consulado de Bolivia', 'office': 'diplomatic'}",-31.4157458,-64.2034127,comercio
CNRT,dudoso,,,,,,,,,requiere_decision,sin evidencia suficiente para clasificar,comercios_shop,node:3966514897,"{'name': 'CNRT', 'office': 'government'}",-31.4226419,-64.1754912,comercio
Consulado General de Perú,dudoso,,,,,+54 351 4264196,"Humberto Primo 680, Córdoba",,,requiere_decision,sin evidencia suficiente para clasificar,comercios_shop,node:3984348297,"{'addr:city': 'Córdoba', 'addr:housenumber': '680', 'addr:street': 'Humberto Primo', 'consulate': 'consulate_general', 'country': 'PE', 'diplomatic': 'consulate', 'name': 'Consulado General de Perú', 'office': 'diplomatic', 'phone': '+54 351 4264196'}",-31.4067586,-64.1908138,comercio
Sex Cordoba Shop,comercio,info@sexcordobashop.com.ar,web_publica,https://sexcordobashop.com.ar/,1.0,+54 351 425 4071,San Martín 180,https://www.sexcordobashop.com.ar/,,listo_para_contactar,OSM: etiqueta shop,comercios_shop,node:4181380389,"{'addr:housenumber': '180', 'addr:street': 'San Martín', 'name': 'Sex Cordoba Shop', 'opening_hours': 'Mo-Sa 09:30-20:00', 'phone': '+54 351 425 4071', 'shop': 'erotic', 'website': 'https://www.sexcordobashop.com.ar/'}",-31.413939,-64.1829396,comercio
Centro de Atención Integral al Ciudadano,dudoso,,,,,,,,,requiere_decision,sin evidencia suficiente para clasificar,comercios_shop,node:4224517794,"{'government': 'register_office', 'name': 'Centro de Atención Integral al Ciudadano', 'office': 'government'}",-31.4248612,-64.1724686,comercio
"Instituto de Educación Superior ""Doctor Domingo Cabred""",dudoso,,,,,,Avenida Deodoro Roca 4998,,,requiere_decision,sin evidencia suficiente para clasificar,comercios_shop,node:4224580690,"{'addr:housenumber': '4998', 'addr:street': 'Avenida Deodoro Roca', 'name': 'Instituto de Educación Superior ""Doctor Domingo Cabred""', 'office': 'educational_institution'}",-31.4322172,-64.1709985,comercio
Ex-Legislatura de la Provincia de Córdoba,dudoso,,,,,,Deán Funes 64,,,requiere_decision,sin evidencia suficiente para clasificar,comercios_shop,node:4375903791,"{'addr:housenumber': '64', 'addr:street': 'Deán Funes', 'name': 'Ex-Legislatura de la Provincia de Córdoba', 'office': 'government'}",-31.4154751,-64.1850482,comercio
B Com 141,dudoso,,,,,,,,,requiere_decision,sin evidencia suficiente para clasificar,comercios_shop,node:4409706490,"{'name': 'B Com 141', 'name:es': 'B Com 141', 'office': 'government'}",-31.3729137,-64.2950654,comercio
Claro Argentina,dudoso,,,,,,Avenida Sabattini 1417,,,requiere_decision,sin evidencia suficiente para clasificar,comercios_shop,node:4475365589,"{'addr:housenumber': '1417', 'addr:postcode': '5014', 'addr:street': 'Avenida Sabattini', 'name': 'Claro Argentina', 'name:en': 'Claro Argentina', 'name:es': 'Claro Argentina', 'office': 'telecommunication', 'opening_hours': 'Mo-Fr 08:00-18:00'}",-31.4303055,-64.1674651,comercio
El Doce TV,dudoso,,,,,,,,,requiere_decision,sin evidencia suficiente para clasificar,comercios_shop,node:4512892786,"{'name': 'El Doce TV', 'office': 'telecommunication'}",-31.380996,-64.2251097,comercio
Systel S.A Balanzas y Basculas,comercio,contacto@systel-global.com,web_publica,https://systel-global.com/argentina/,0.75,+54 351 493 1001,Avenida Vélez Sarsfield 5555,https://www.systel.com.ar/,,listo_para_contactar,OSM: etiqueta shop,comercios_shop,node:4702048292,"{'addr:housenumber': '5555', 'addr:postcode': '5016', 'addr:street': 'Avenida Vélez Sarsfield', 'name': 'Systel S.A Balanzas y Basculas', 'name:en': 'Systel S.A', 'name:es': 'Systel S.A Balanzas y Basculas', 'opening_hours': 'Mo-Fr 08:00-18:00', 'phone': '+54 351 493 1001', 'shop': 'electronics', 'website': 'https://www.systel.com.ar/'}",-31.479732,-64.2025783,comercio
Instituto Superior de Formacón Docenete Reneé Trettel de Fabián,dudoso,,,,,,"Manuel Gómez Carrillo 2450, Córdoba",,,requiere_decision,sin evidencia suficiente para clasificar,comercios_shop,node:4898435963,"{'addr:city': 'Córdoba', 'addr:housenumber': '2450', 'addr:postcode': '5010', 'addr:street': 'Manuel Gómez Carrillo', 'name': 'Instituto Superior de Formacón Docenete Reneé Trettel de Fabián', 'office': 'educational_institution'}",-31.428874,-64.2194437,comercio
seccionweb,dudoso,,,,,,,https://www.woohands.com/en/provider-profile/seccionweb,,requiere_decision,sin evidencia suficiente para clasificar,comercios_shop,node:5171206110,"{'name': 'seccionweb', 'office': 'it', 'website': 'https://www.woohands.com/en/provider-profile/seccionweb'}",-31.3925283,-64.1706459,comercio
Consulado General de España,dudoso,,,,,+54 351 469 7490,"Boulevard Chacabuco 875, Córdoba",,,requiere_decision,sin evidencia suficiente para clasificar,comercios_shop,node:5238343921,"{'addr:city': 'Córdoba', 'addr:housenumber': '875', 'addr:postcode': '5000', 'addr:street': 'Boulevard Chacabuco', 'consulate': 'consulate_general', 'country': 'ES', 'diplomatic': 'consulate', 'name': 'Consulado General de España', 'name:en': 'Consulate General of Spain', 'office': 'diplomatic', 'phone': '+54 351 469 7490'}",-31.4274914,-64.1840702,comercio
Consulado de Chile,dudoso,,,,,+54 351 469 2010,"Buenos Aires, Córdoba",,,requiere_decision,sin evidencia suficiente para clasificar,comercios_shop,node:5425067949,"{'addr:city': 'Córdoba', 'addr:postcode': '5000', 'addr:street': 'Buenos Aires', 'consulate': 'yes', 'country': 'CL', 'diplomatic': 'consulate', 'name': 'Consulado de Chile', 'name:fr': 'Consulat du Chili', 'office': 'diplomatic', 'phone': '+54 351 469 2010', 'target': 'AR'}",-31.4321217,-64.1894289,comercio
Casa Manrique,comercio,ecommerce@casamanrique.com.ar,web_publica,https://casamanriqueweb.com.ar/contacto/,1.0,+54 351 465 8077,Avenida Fuerza Aérea 4192,https://casamanriqueweb.com.ar/,,listo_para_contactar,OSM: etiqueta shop,comercios_shop,node:5625458421,"{'addr:housenumber': '4192', 'addr:street': 'Avenida Fuerza Aérea', 'name': 'Casa Manrique', 'opening_hours': 'Mo-Fr 08:30-19:00; Sa 09:00-13:00', 'phone': '+54 351 465 8077', 'shop': 'furniture', 'website': 'https://casamanriqueweb.com.ar/'}",-31.432242,-64.2425364,comercio
Merlino,comercio,vtex.render-server@8.181.0,web_publica,https://www.merlinosrl.com.ar/,1.0,+54 351 466 9280,Avenida Fuerza Aérea 3924,https://www.merlinosrl.com.ar/,,listo_para_contactar,OSM: etiqueta shop,comercios_shop,node:5625458422,"{'addr:housenumber': '3924', 'addr:street': 'Avenida Fuerza Aérea', 'name': 'Merlino', 'opening_hours': 'Mo-Fr 08:00-19:30; Sa 08:00-13:00', 'phone': '+54 351 466 9280', 'shop': 'hardware', 'website': 'https://www.merlinosrl.com.ar/'}",-31.4320134,-64.2391771,comercio
KIRI,dudoso,,,,,,,,,requiere_decision,sin evidencia suficiente para clasificar,comercios_shop,node:7067354870,"{'name': 'KIRI', 'office': 'yes'}",-31.3709787,-64.2373672,comercio
CILSA,dudoso,,,,,,,,,requiere_decision,sin evidencia suficiente para clasificar,comercios_shop,node:7101290750,"{'name': 'CILSA', 'office': 'ngo'}",-31.4091588,-64.1994048,comercio
CIRSE,dudoso,,,,,,"La Rioja 352, Córdoba",,,requiere_decision,sin evidencia suficiente para clasificar,comercios_shop,node:7117592302,"{'addr:city': 'Córdoba', 'addr:housenumber': '352', 'addr:postcode': 'X5000', 'addr:street': 'La Rioja', 'name': 'CIRSE', 'office': 'association'}",-31.4099227,-64.1869128,comercio
OSPE,dudoso,,,,,,,,,requiere_decision,sin evidencia suficiente para clasificar,comercios_shop,node:7170111785,"{'name': 'OSPE', 'office': 'government'}",-31.4252777,-64.1884459,comercio
AFIP Sede 2,dudoso,,,,,,"Avenida Marcelo T. de Alvear 488, Córdoba",,,requiere_decision,sin evidencia suficiente para clasificar,comercios_shop,node:7223821885,"{'addr:city': 'Córdoba', 'addr:housenumber': '488', 'addr:postcode': '500', 'addr:street': 'Avenida Marcelo T. de Alvear', 'government': 'tax', 'name': 'AFIP Sede 2', 'office': 'government', 'opening_hours': '08:00-13:30', 'operator': 'AFIP', 'survey:date': '2020-02-18'}",-31.4198896,-64.1906463,comercio
Centro Experimental de la Vivienda Economica - CONICET,dudoso,,,,,,"Igualdad 3585, Córdoba",,,requiere_decision,sin evidencia suficiente para clasificar,comercios_shop,node:7745079880,"{'addr:city': 'Córdoba', 'addr:housenumber': '3585', 'addr:street': 'Igualdad', 'name': 'Centro Experimental de la Vivienda Economica - CONICET', 'office': 'research'}",-31.3957358,-64.2258662,comercio
Yungas Laboratorio de Innovacion,dudoso,,,,,+54 351 5541659,"Avenida Hipólito Yrigoyen 146, Córdoba",https://yungas.co/,,requiere_decision,sin evidencia suficiente para clasificar,comercios_shop,node:7935019272,"{'addr:city': 'Córdoba', 'addr:housenumber': '146', 'addr:postcode': '5000', 'addr:street': 'Avenida Hipólito Yrigoyen', 'name': 'Yungas Laboratorio de Innovacion', 'office': 'IT_Company', 'phone': '+54 351 5541659', 'website': 'https://yungas.co/'}",-31.4222558,-64.1879576,comercio
SUM,dudoso,,,,,,,,,requiere_decision,sin evidencia suficiente para clasificar,comercios_shop,node:8047907462,"{'name': 'SUM', 'office': 'yes'}",-31.3691466,-64.2476696,comercio
RM Insumos,comercio,ventas@rminsumos.com,web_publica,https://www.rminsumos.com/,0.95,+54 9 351 270 0375,"Pasaje Hilario Fernández 82, Córdoba",https://www.rminsumos.com/,,listo_para_contactar,OSM: etiqueta shop,comercios_shop,node:8231293749,"{'addr:city': 'Córdoba', 'addr:housenumber': '82', 'addr:street': 'Pasaje Hilario Fernández', 'check_date': '2024-04-20', 'check_date:currency:XBT': '2025-10-06', 'currency:XBT': 'yes', 'name': 'RM Insumos', 'opening_hours': 'Mo-Fr 10:30-14:00,16:00-19:00; Sa 16:00-18:00', 'payment:cash': 'yes', 'payment:cheque': 'yes', 'payment:credit_cards': 'yes', 'payment:wire_transfer': 'yes', 'phone': '+54 9 351 270 0375', 'shop': 'computer', 'website': 'https://www.rminsumos.com/'}",-31.4294285,-64.1884715,comercio
La Tasca,comercio,www.google.com/maps/place/panader%c3%ada+la+tasca+suc.+1/@-31.4108941,web_publica,https://linktr.ee/panaderialatasca,1.0,+54 3541 37 9517,"Ituzaingó 1115, Córdoba",https://linktr.ee/panaderialatasca,,listo_para_contactar,OSM: etiqueta shop,comercios_shop,node:8245742051,"{'addr:city': 'Córdoba', 'addr:housenumber': '1115', 'addr:postcode': 'X5000', 'addr:street': 'Ituzaingó', 'name': 'La Tasca', 'phone': '+54 3541 37 9517', 'shop': 'bakery', 'website': 'https://linktr.ee/panaderialatasca'}",-31.4295839,-64.186651,comercio
Vector-IT,dudoso,,,,,,"Luisa Martel de Los Ríos 2215, Córdoba",https://vector-it.com.ar/,,requiere_decision,sin evidencia suficiente para clasificar,comercios_shop,node:8499886427,"{'addr:city': 'Córdoba', 'addr:housenumber': '2215', 'addr:postcode': '5009', 'addr:street': 'Luisa Martel de Los Ríos', 'image': 'http://vector-it.com.ar/assets/images/logo-vector.png', 'name': 'Vector-IT', 'office': 'it', 'opening_hours': 'Mo-Fr 08:00-18:00', 'payment:cash': 'yes', 'website': 'https://vector-it.com.ar/'}",-31.3657531,-64.2339949,comercio
MC Producciones,dudoso,,,,,,,,,requiere_decision,sin evidencia suficiente para clasificar,comercios_shop,node:9114693010,"{'name': 'MC Producciones', 'office': 'newspaper'}",-31.437146,-64.1690324,comercio
Registro Civil Central,dudoso,,,,,+54 351 4337110,"Boulevard Chacabuco 737, Córdoba",,,requiere_decision,sin evidencia suficiente para clasificar,comercios_shop,node:9306363355,"{'addr:city': 'Córdoba', 'addr:housenumber': '737', 'addr:postcode': '5000', 'addr:street': 'Boulevard Chacabuco', 'government': 'register_office', 'name': 'Registro Civil Central', 'office': 'government', 'operator': 'Municipalidad de Córdoba', 'operator:wikidata': 'Q44210', 'phone': '+54 351 4337110'}",-31.4260262,-64.1834636,comercio
Eduardo Graziani,dudoso,,,,,,,,,requiere_decision,sin evidencia suficiente para clasificar,comercios_shop,node:9435088733,"{'description': 'profesionales gráficos', 'name': 'Eduardo Graziani', 'office': 'graphic_design'}",-31.4049576,-64.2177248,comercio
Intercambio Cordoba,dudoso,,,,,+54 351 519 4270,Alvear 382,https://intercambiocordoba.com.ar/,,requiere_decision,sin evidencia suficiente para clasificar,comercios_shop,node:9439713093,"{'addr:housenumber': '382', 'addr:street': 'Alvear', 'name': 'Intercambio Cordoba', 'office': 'educational_institution', 'opening_hours': 'Mo-Fr 12:00-20:00', 'phone': '+54 351 519 4270', 'website': 'https://intercambiocordoba.com.ar/'}",-31.4125156,-64.1794891,comercio
Luxis,dudoso,,,,,+54 351 807-6359,"Obispo Gutiérrez de Ceballos 69, Córdoba",https://luxis.com.ar,,requiere_decision,sin evidencia suficiente para clasificar,comercios_shop,node:9570829850,"{'addr:city': 'Córdoba', 'addr:housenumber': '69', 'addr:postcode': 'X5000GOA', 'addr:street': 'Obispo Gutiérrez de Ceballos', 'description': 'Energía Solar Obispo Ceballos 69 1° piso', 'name': 'Luxis', 'office': 'energy_supplier', 'opening_hours': 'Mo-Fr 09:00-13:00', 'phone': '+54 351 807-6359', 'website': 'https://luxis.com.ar'}",-31.3958393,-64.1992338,comercio
RENAPER,dudoso,,,,,,"Jerónimo Luis de Cabrera, Córdoba",,,requiere_decision,sin evidencia suficiente para clasificar,comercios_shop,node:9945577885,"{'addr:city': 'Córdoba', 'addr:street': 'Jerónimo Luis de Cabrera', 'government': 'yes', 'name': 'RENAPER', 'office': 'government'}",-31.398091,-64.1807631,comercio
Concejo Deliberante de Villa Allende,dudoso,,,,,,"Alsina, Villa Allende",,,requiere_decision,sin evidencia suficiente para clasificar,comercios_shop,node:10040724569,"{'addr:city': 'Villa Allende', 'addr:postcode': '5105', 'addr:street': 'Alsina', 'government': 'legislative', 'name': 'Concejo Deliberante de Villa Allende', 'office': 'government'}",-31.2950199,-64.2941204,comercio
AFIP 2,dudoso,,,,,,,,,requiere_decision,sin evidencia suficiente para clasificar,comercios_shop,node:10125100874,"{'government': 'administrative', 'name': 'AFIP 2', 'office': 'government'}",-31.4202328,-64.1901033,comercio
Desit,dudoso,,,,,,,,,requiere_decision,sin evidencia suficiente para clasificar,comercios_shop,node:10223904252,"{'name': 'Desit', 'office': 'security'}",-31.3479704,-64.2326797,comercio
Naranja X,dudoso,,,,,,,,,requiere_decision,sin evidencia suficiente para clasificar,comercios_shop,node:10678693560,"{'name': 'Naranja X', 'office': 'financial'}",-31.3927406,-64.1844539,comercio
Cámaras antiguas,dudoso,,,,,,,,,requiere_decision,sin evidencia suficiente para clasificar,comercios_shop,node:10927887703,"{'name': 'Cámaras antiguas', 'office': 'yes'}",-31.3812862,-64.2251083,comercio
Consulado General de Brasil,dudoso,,,,,+54 351 4685919,"Avenida Ambrosio Olmos 615, Córdoba",,,requiere_decision,sin evidencia suficiente para clasificar,comercios_shop,node:10947307597,"{'addr:city': 'Córdoba', 'addr:housenumber': '615', 'addr:street': 'Avenida Ambrosio Olmos', 'consulate': 'consulate_general', 'country': 'BR', 'diplomatic': 'consulate', 'name': 'Consulado General de Brasil', 'office': 'diplomatic', 'phone': '+54 351 4685919'}",-31.4297742,-64.1870044,comercio
Consulado del Paraguay,dudoso,,,,,+54 351 326-0901,"Luis José de Tejeda 3896, Córdoba",,,requiere_decision,sin evidencia suficiente para clasificar,comercios_shop,node:10947307598,"{'addr:city': 'Córdoba', 'addr:housenumber': '3896', 'addr:street': 'Luis José de Tejeda', 'consulate': 'yes', 'country': 'PY', 'diplomatic': 'consulate', 'name': 'Consulado del Paraguay', 'office': 'diplomatic', 'phone': '+54 351 326-0901'}",-31.3733497,-64.2313098,comercio
El Edificio Pescado,dudoso,,,,,,,,,requiere_decision,sin evidencia suficiente para clasificar,comercios_shop,node:11331469523,"{'name': 'El Edificio Pescado', 'office': 'architect'}",-31.4084081,-64.2021078,comercio
UME Unión de Mujeres Empoderadas,dudoso,,,,,,,,,requiere_decision,organización sin evidencia suficiente,comercios_shop,node:11331669770,"{'name': 'UME Unión de Mujeres Empoderadas', 'office': 'ngo'}",-31.4049864,-64.2112509,comercio
Callados Ñlara,dudoso,,,,,,,,,requiere_decision,sin evidencia suficiente para clasificar,comercios_shop,node:11334801278,"{'government': 'prosecutor', 'name': 'Callados Ñlara', 'office': 'government'}",-31.4091239,-64.1968921,comercio
Tarjeta Naranja,dudoso,,,,,,,,,requiere_decision,sin evidencia suficiente para clasificar,comercios_shop,node:11338848311,"{'name': 'Tarjeta Naranja', 'office': 'financial'}",-31.4129119,-64.1874704,comercio
Insatitución Badra,dudoso,,,,,,,,,requiere_decision,sin evidencia suficiente para clasificar,comercios_shop,node:11338994554,"{'name': 'Insatitución Badra', 'office': 'educational_institution'}",-31.4143466,-64.1857839,comercio
"Ministerio de Producción, Ciencia e Innovación Tecnológica",dudoso,,,,,,"Belgrano 347, Córdoba",https://cordobaproduce.cba.gov.ar/,,requiere_decision,sin evidencia suficiente para clasificar,comercios_shop,node:12248951393,"{'addr:city': 'Córdoba', 'addr:housenumber': '347', 'addr:postcode': '5000', 'addr:street': 'Belgrano', 'government': 'public_service', 'name': 'Ministerio de Producción, Ciencia e Innovación Tecnológica', 'office': 'government', 'panoramax': '86bb24ff-d8a4-4f71-b2fe-67b680f05ac3', 'website': 'https://cordobaproduce.cba.gov.ar/'}",-31.4189877,-64.1892507,comercio
Nobis Medical,comercio,nobis.com.ar/wp-content/cache/min/1/npm/bootstrap@5.3.1,web_publica,https://nobis.com.ar/,0.8,0810-345-66247,"Avenida Maipú 101, Córdoba",https://nobis.com.ar/,,listo_para_contactar,OSM: oficina comercial/profesional,comercios_shop,node:12539518161,"{'addr:city': 'Córdoba', 'addr:housenumber': '101', 'addr:postcode': 'X5000', 'addr:street': 'Avenida Maipú', 'name': 'Nobis Medical', 'office': 'insurance', 'opening_hours': 'Mo-Fr 08:00-20:00', 'phone': '0810-345-66247', 'website': 'https://nobis.com.ar/'}",-31.4159914,-64.1796446,comercio
Lozada,dudoso,,,,,,,,,requiere_decision,sin evidencia suficiente para clasificar,comercios_shop,node:12760093590,"{'name': 'Lozada', 'office': 'travel_agent'}",-31.4167976,-64.1943118,comercio
Licenciada Montañez Sandoz,dudoso,,,,,+54 351 514 5467,"Martín de Fonseca 95, cordoba",,,requiere_decision,sin evidencia suficiente para clasificar,comercios_shop,node:12898326225,"{'addr:city': 'cordoba', 'addr:housenumber': '95', 'addr:postcode': '5000', 'addr:street': 'Martín de Fonseca', 'name': 'Licenciada Montañez Sandoz', 'office': 'financial_advisor', 'phone': '+54 351 514 5467'}",-31.4451212,-64.1986038,comercio
Librería del Palacio,comercio,unpkg.com/web-vitals@3.5.2,web_publica,https://libreriadelpalacio.mitiendanube.com/,1.0,+54 351 200 0058,"Ituzaingó 882, Córdoba",https://libreriadelpalacio.mitiendanube.com/,,listo_para_contactar,OSM: etiqueta shop,comercios_shop,node:12944004706,"{'addr:city': 'Córdoba', 'addr:housenumber': '882', 'addr:postcode': 'X5000', 'addr:street': 'Ituzaingó', 'name': 'Librería del Palacio', 'opening_hours': 'Mo-Sa 08:30-20:00', 'phone': '+54 351 200 0058', 'shop': 'books', 'website': 'https://libreriadelpalacio.mitiendanube.com/'}",-31.4272798,-64.1858358,comercio
Secretaría de Minería de Córdoba,dudoso,,,,,+54 351 434 4120,"Avenida Hipólito Yrigoyen 401, Córdoba",,,requiere_decision,sin evidencia suficiente para clasificar,comercios_shop,node:12944004707,"{'addr:city': 'Córdoba', 'addr:housenumber': '401', 'addr:postcode': 'X5000BFB', 'addr:street': 'Avenida Hipólito Yrigoyen', 'government': 'yes', 'name': 'Secretaría de Minería de Córdoba', 'office': 'government', 'phone': '+54 351 434 4120'}",-31.425159,-64.1862157,comercio
Iconos Grafica,comercio,tienda@iconosgrafica.com.ar,web_publica,https://iconosgrafica.com.ar/,0.75,+54 351 635 6512,"Independencia 1158, Córdoba",https://iconossrl.com.ar/,,listo_para_contactar,OSM: etiqueta shop,comercios_shop,node:12959647976,"{'addr:city': 'Córdoba', 'addr:housenumber': '1158', 'addr:postcode': 'X5000IUW', 'addr:street': 'Independencia', 'name': 'Iconos Grafica', 'opening_hours': 'Mo-Fr 07:30-21:00; Sa 09:00-13:00,17:00-20:00', 'payment:cash': 'yes', 'payment:contactless': 'yes', 'payment:credit_cards': 'yes', 'payment:debit_cards': 'yes', 'phone': '+54 351 635 6512', 'shop': 'copyshop', 'website': 'https://iconossrl.com.ar/'}",-31.4294216,-64.1897531,comercio
Volcán Azul Libros y refugio cultural,comercio,unpkg.com/web-vitals@3.5.2,web_publica,https://volcanazullibros.com/,1.0,+54 351 815-8850,"Independencia 1247, Córdoba",https://volcanazullibros.com/,,listo_para_contactar,OSM: etiqueta shop,comercios_shop,node:13040183955,"{'addr:city': 'Córdoba', 'addr:housenumber': '1247', 'addr:postcode': 'X5000', 'addr:street': 'Independencia', 'books': 'children;adults', 'internet_access': 'wlan', 'name': 'Volcán Azul Libros y refugio cultural', 'opening_hours': 'Mo-Fr 10:30-20:00; Sa 16:00-20:00', 'payment:cash': 'yes', 'payment:credit_cards': 'yes', 'payment:debit_cards': 'yes', 'payment:nfc': 'yes', 'phone': '+54 351 815-8850', 'shop': 'books', 'website': 'https://volcanazullibros.com/'}",-31.4301665,-64.1899131,comercio
Casa Mona,comercio,cdn.jsdelivr.net/npm/uikit@3.5.5,web_publica,https://casamona.empretienda.com.ar/,0.95,+54 0351 760-6006,"Buenos Aires 1087, Córdoba",casamona.empretienda.com.ar,,listo_para_contactar,OSM: etiqueta shop,comercios_shop,node:13055150970,"{'addr:city': 'Córdoba', 'addr:housenumber': '1087', 'addr:postcode': 'X5000', 'addr:street': 'Buenos Aires', 'name': 'Casa Mona', 'opening_hours': 'Mo-Fr 09:30-21:00; Sa 10:00-14:00, 17:00-21:00', 'payment:cash': 'yes', 'payment:contactless': 'yes', 'payment:credit_cards': 'yes', 'payment:debit_cards': 'yes', 'phone': '+54 0351 760-6006', 'shop': 'household_linen', 'website': 'casamona.empretienda.com.ar'}",-31.4287956,-64.187835,comercio
Valu Home,comercio,unpkg.com/web-vitals@3.5.2,web_publica,https://www.valuhome.com.ar/,1.0,+54 0351 661-7889,"Buenos Aires 1088, Córdoba",https://valuhome.com.ar/,,listo_para_contactar,OSM: etiqueta shop,comercios_shop,node:13055159060,"{'addr:city': 'Córdoba', 'addr:housenumber': '1088', 'addr:postcode': 'X5000IMV', 'addr:street': 'Buenos Aires', 'name': 'Valu Home', 'opening_hours': 'Mo-Fr 10:00-14:00,16:30-20:30; Sa-Su 10:00-12:00', 'payment:cash': 'yes', 'payment:contactless': 'yes', 'payment:credit_cards': 'yes', 'payment:debit_cards': 'yes', 'phone': '+54 0351 661-7889', 'shop': 'furniture', 'website': 'https://valuhome.com.ar/'}",-31.4287921,-64.1879898,comercio
PROIL INGENIERIA,dudoso,,,,,+543512446662,"si de mayo 1311, Córdoba",https://proil.com.ar/,,requiere_decision,sin evidencia suficiente para clasificar,comercios_shop,node:13094296521,"{'addr:city': 'Córdoba', 'addr:housenumber': '1311', 'addr:postcode': 'X5010', 'addr:street': 'si de mayo', 'name': 'PROIL INGENIERIA', 'office': 'research', 'opening_hours': 'Mo-Fr 09:00-17:00', 'phone': '+543512446662', 'website': 'https://proil.com.ar/'}",-31.4259519,-64.2128113,comercio
Dupes Perfumería,comercio,tuemail@email.com,web_publica,https://dupes.com.ar/contacto/,1.0,+54 9 351 851-2014,"Ángelo de Peredo, Córdoba",https://dupes.com.ar/,,listo_para_contactar,OSM: etiqueta shop,comercios_shop,node:13097132208,"{'addr:city': 'Córdoba', 'addr:postcode': 'X5000', 'addr:street': 'Ángelo de Peredo', 'name': 'Dupes Perfumería', 'opening_hours': 'Mo-Fr 10:00-21:00; Sa 10:00-18:00', 'payment:cash': 'yes', 'payment:credit_cards': 'yes', 'payment:debit_cards': 'yes', 'phone': '+54 9 351 851-2014', 'shop': 'perfumery', 'website': 'https://dupes.com.ar/'}",-31.4283979,-64.1896421,comercio
MRE Estilistas Nueva Cordoba Peluquería,comercio,mrestilistas2019@gmail.com,web_publica,https://mrestilistas.com/,0.75,+54 9 0351 265-2733,"Obispo Trejo y Sanabria 1268, Córdoba",https://mrestilistas.com/,,listo_para_contactar,OSM: etiqueta shop,comercios_shop,node:13097228518,"{'addr:city': 'Córdoba', 'addr:housenumber': '1268', 'addr:postcode': 'X5000IYZ', 'addr:street': 'Obispo Trejo y Sanabria', 'female': 'yes', 'male': 'yes', 'name': 'MRE Estilistas Nueva Cordoba Peluquería', 'opening_hours': 'Tu-Sa 10:00-21:00', 'payment:cash': 'yes', 'payment:contactless': 'yes', 'payment:credit_cards': 'yes', 'payment:debit_cards': 'yes', 'phone': '+54 9 0351 265-2733', 'shop': 'hairdresser', 'website': 'https://mrestilistas.com/'}",-31.4298463,-64.1913972,comercio
Fermina,comercio,unpkg.com/web-vitals@3.5.2,web_publica,https://frmn.com.ar/,0.95,+54 9 0351 240-7015,"Obispo Trejo y Sanabria 1280, Córdoba",https://frmn.com.ar/,,listo_para_contactar,OSM: etiqueta shop,comercios_shop,node:13097228519,"{'addr:city': 'Córdoba', 'addr:housenumber': '1280', 'addr:postcode': 'X5000', 'addr:street': 'Obispo Trejo y Sanabria', 'clothes': 'women', 'name': 'Fermina', 'opening_hours': 'Mo-Fr 10:00-13:00, 16:00-19:00', 'payment:cash': 'yes', 'payment:contactless': 'yes', 'payment:credit_cards': 'yes', 'payment:debit_cards': 'yes', 'phone': '+54 9 0351 240-7015', 'shop': 'clothes', 'website': 'https://frmn.com.ar/'}",-31.4302153,-64.1915661,comercio
Tribunal de Cuentas de la Provincia de Córdoba,dudoso,,,,,,"Rivera Indarte 33, cordoba",https://www.tcpcordoba.gov.ar/,,requiere_decision,sin evidencia suficiente para clasificar,comercios_shop,node:13193094842,"{'addr:city': 'cordoba', 'addr:housenumber': '33', 'addr:postcode': '5000', 'addr:street': 'Rivera Indarte', 'government': 'administrative', 'name': 'Tribunal de Cuentas de la Provincia de Córdoba', 'office': 'government', 'website': 'https://www.tcpcordoba.gov.ar/', 'wheelchair': 'yes'}",-31.415077,-64.1853248,comercio
Brandon Iparraguirre Programador Full Stack SR,dudoso,,,,,,,,,requiere_decision,sin evidencia suficiente para clasificar,comercios_shop,node:13401770573,"{'name': 'Brandon Iparraguirre Programador Full Stack SR', 'office': 'it'}",-31.4379163,-64.318118,comercio
Chamtac,comercio,formatjs/intl-segmenter@11.7.10,web_publica,https://www.impermeabilizacionestechoscordoba.com/,1.0,+54 351 663 4850,"Rivera Indarte 350, Córdoba",https://www.impermeabilizacionestechoscordoba.com/,,listo_para_contactar,OSM: etiqueta craft,comercios_shop,node:13425557432,"{'addr:city': 'Córdoba', 'addr:housenumber': '350', 'addr:postcode': '5000', 'addr:street': 'Rivera Indarte', 'craft': 'roofer', 'name': 'Chamtac', 'opening_hours': '24/7', 'phone': '+54 351 663 4850', 'website': 'https://www.impermeabilizacionestechoscordoba.com/'}",-31.411627,-64.1835592,comercio
Departamento de Antropología,dudoso,,,,,,,,,requiere_decision,sin evidencia suficiente para clasificar,comercios_shop,node:13763548380,"{'name': 'Departamento de Antropología', 'office': 'educational_institution'}",-31.4363074,-64.1902397,comercio
Departamento de Geografía,dudoso,,,,,,,,,requiere_decision,sin evidencia suficiente para clasificar,comercios_shop,node:13763551130,"{'name': 'Departamento de Geografía', 'office': 'educational_institution'}",-31.436399,-64.1902263,comercio
Vida Co-Working,dudoso,,,,,,,,,requiere_decision,sin evidencia suficiente para clasificar,comercios_shop,node:13854334721,"{'check_date': '2026-05-20', 'name': 'Vida Co-Working', 'office': 'coworking'}",-31.3744559,-64.2325839,comercio
Pami,dudoso,,,,,,Concejal Felipe Belardinelli,,,requiere_decision,sin evidencia suficiente para clasificar,comercios_shop,node:13959033194,"{'addr:street': 'Concejal Felipe Belardinelli', 'name': 'Pami', 'office': 'charity', 'wheelchair': 'yes'}",-31.4478069,-64.1940037,comercio
Grafica Grafick,dudoso,,,,,,Concejal Felipe Belardinelli,,,requiere_decision,sin evidencia suficiente para clasificar,comercios_shop,node:13959033196,"{'addr:street': 'Concejal Felipe Belardinelli', 'name': 'Grafica Grafick', 'office': 'advertising_agency'}",-31.4476371,-64.1940373,comercio
ReproGraf,dudoso,,,,,,,,,requiere_decision,sin evidencia suficiente para clasificar,comercios_shop,node:14070512849,"{'check_date': '2026-07-31', 'name': 'ReproGraf', 'office': 'graphic_design', 'panoramax': '1aa91a37-bacd-4db9-a785-c2f55992cd73'}",-31.411794,-64.1793925,comercio
Asociación Empresaria Hotelera Gastronomica Córdoba,dudoso,,,,,,,,,requiere_decision,organización sin evidencia suficiente,comercios_shop,node:14070984253,"{'check_date': '2026-07-30', 'name': 'Asociación Empresaria Hotelera Gastronomica Córdoba', 'office': 'union', 'panoramax': '5ce1c903-1a13-4391-b14c-3e16906a5871'}",-31.4136325,-64.1907127,comercio
Ente Nacional Regulador del Gas,dudoso,,,,,,,,,requiere_decision,sin evidencia suficiente para clasificar,comercios_shop,node:14071156653,"{'government': 'administrative', 'name': 'Ente Nacional Regulador del Gas', 'office': 'government', 'panoramax': 'c8a1745e-2e75-48a3-bcae-648f70446a27'}",-31.4096064,-64.188636,comercio
Ente Municipal de Fiscalización y Control,dudoso,,,,,,,,,requiere_decision,sin evidencia suficiente para clasificar,comercios_shop,node:14071156670,"{'government': 'administrative', 'name': 'Ente Municipal de Fiscalización y Control', 'office': 'government'}",-31.4100372,-64.1873023,comercio
randstad,dudoso,,,,,,,,,requiere_decision,sin evidencia suficiente para clasificar,comercios_shop,node:14071156686,"{'check_date': '2026-07-30', 'name': 'randstad', 'office': 'employment_agency', 'panoramax': 'cde04f95-d16c-4a4a-a638-8299765967ac'}",-31.4078296,-64.1848743,comercio
AutoRep,comercio,chuca_ribba@hotmail.com,web_publica,https://www.autorepsacba.com/,1.0,+54 351 426 5330,,https://www.autorepsacba.com,,listo_para_contactar,OSM: etiqueta shop,comercios_shop,node:14071156688,"{'check_date': '2026-07-30', 'name': 'AutoRep', 'phone': '+54 351 426 5330', 'shop': 'car_parts', 'website': 'https://www.autorepsacba.com'}",-31.4082066,-64.1844009,comercio
CPC Argüello,dudoso,,,,,,,,,requiere_decision,sin evidencia suficiente para clasificar,comercios_shop,way:34245808,"{'amenity': 'community_centre', 'name': 'CPC Argüello', 'office': 'government', 'operator': 'Gobierno de Córdoba', 'operator:type': 'government'}",-31.3416553,-64.2540909,comercio
Centro Civico,dudoso,,,,,,,,,requiere_decision,sin evidencia suficiente para clasificar,comercios_shop,way:96332661,"{'building': 'yes', 'building:levels': '10', 'government': 'yes', 'height': '45', 'name': 'Centro Civico', 'office': 'government', 'wikipedia': 'es:Centro Cívico de Córdoba'}",-31.4190445,-64.1736507,comercio
Cottolengo Don Orione,dudoso,,,,,,,,,requiere_decision,sin evidencia suficiente para clasificar,comercios_shop,way:99189126,"{'amenity': 'social_facility', 'name': 'Cottolengo Don Orione', 'office': 'ngo', 'social_facility': 'group_home', 'social_facility:for': 'senior'}",-31.4753498,-64.2380493,comercio
CPC Villa El Libertador,dudoso,,,,,,,,,requiere_decision,sin evidencia suficiente para clasificar,comercios_shop,way:105145359,"{'addr:housename': 'CPC Villa El Libertador', 'government': 'administrative', 'name': 'CPC Villa El Libertador', 'office': 'government', 'operator': 'Municipalidad de Córdoba'}",-31.4670221,-64.2250719,comercio
Ministerio de Desarrollo Social Pablo Pizzurno,dudoso,,,,,,"Avenida Vélez Sarsfield 2311, Córdoba",,,requiere_decision,sin evidencia suficiente para clasificar,comercios_shop,way:135345428,"{'addr:city': 'Córdoba', 'addr:housenumber': '2311', 'addr:street': 'Avenida Vélez Sarsfield', 'name': 'Ministerio de Desarrollo Social Pablo Pizzurno', 'office': 'government'}",-31.4422872,-64.1956114,comercio
CPC Monseñor Pablo Cabrera,dudoso,,,,,,,,,requiere_decision,sin evidencia suficiente para clasificar,comercios_shop,way:154624126,"{'building': 'office', 'name': 'CPC Monseñor Pablo Cabrera', 'office': 'government'}",-31.3611452,-64.2045751,comercio
Centro Cultural San vicente,dudoso,,,,,,,,,requiere_decision,sin evidencia suficiente para clasificar,comercios_shop,way:182763122,"{'building': 'yes', 'government': 'register_office', 'name': 'Centro Cultural San vicente', 'office': 'government', 'roof:shape': 'half-hipped'}",-31.423395,-64.1478305,comercio
Dirección Nacional de Vialidad 2º Distrito,dudoso,,,,,,Leopoldo Lugones 161,,,requiere_decision,sin evidencia suficiente para clasificar,comercios_shop,way:194776664,"{'addr:housenumber': '161', 'addr:street': 'Leopoldo Lugones', 'name': 'Dirección Nacional de Vialidad 2º Distrito', 'office': 'government'}",-31.4248056,-64.1755951,comercio
CPC Colón,dudoso,,,,,,Avenida Colón,,,requiere_decision,sin evidencia suficiente para clasificar,comercios_shop,way:208943708,"{'addr:street': 'Avenida Colón', 'name': 'CPC Colón', 'office': 'government', 'operator': 'Municipalidad de Córdoba', 'operator:wikidata': 'Q44210'}",-31.3957689,-64.2516169,comercio
Registro de la Propiedad,dudoso,,,,,,,,,requiere_decision,sin evidencia suficiente para clasificar,comercios_shop,way:219128494,"{'building': 'yes', 'name': 'Registro de la Propiedad', 'office': 'government'}",-31.413845,-64.2050136,comercio
"Centro cívico del bicentenario
Edificio bajo",dudoso,,,,,,,,,requiere_decision,sin evidencia suficiente para clasificar,comercios_shop,way:239840647,"{'building': 'yes', 'building:levels': '2', 'name': 'Centro cívico del bicentenario\nEdificio bajo', 'office': 'government'}",-31.4198381,-64.1737156,comercio
Casa de Gobierno Córdoba,dudoso,,,,,,,https://www.cba.gov.ar/,,requiere_decision,sin evidencia suficiente para clasificar,comercios_shop,way:267852642,"{'name': 'Casa de Gobierno Córdoba', 'office': 'government', 'website': 'https://www.cba.gov.ar/'}",-31.4194573,-64.1737648,comercio
CPC Ruta 20,dudoso,,,,,,Avenida Fuerza Aérea,,,requiere_decision,sin evidencia suficiente para clasificar,comercios_shop,way:301731098,"{'addr:street': 'Avenida Fuerza Aérea', 'name': 'CPC Ruta 20', 'office': 'government', 'operator': 'Municipalidad de Córdoba'}",-31.4328488,-64.2443643,comercio
Dirección de Espacios Verdes,dudoso,,,,,,,,,requiere_decision,sin evidencia suficiente para clasificar,comercios_shop,way:321862039,"{'name': 'Dirección de Espacios Verdes', 'office': 'government'}",-31.4334573,-64.1758597,comercio
Ministerio de Seguridad,dudoso,,,,,,,,,requiere_decision,sin evidencia suficiente para clasificar,comercios_shop,way:321862041,"{'amenity': 'police', 'name': 'Ministerio de Seguridad', 'office': 'government'}",-31.4337832,-64.1750928,comercio
INVAP S.E.,dudoso,,,,,,"Avenida Colón 4050, Córdoba Capital",,,requiere_decision,sin evidencia suficiente para clasificar,comercios_shop,way:334628185,"{'addr:city': 'Córdoba Capital', 'addr:housenumber': '4050', 'addr:street': 'Avenida Colón', 'building': 'yes', 'name': 'INVAP S.E.', 'office': 'government'}",-31.3979816,-64.2328391,comercio
CPC Empalme,dudoso,,,,,,,,,requiere_decision,sin evidencia suficiente para clasificar,comercios_shop,way:358259282,"{'amenity': 'community_centre', 'name': 'CPC Empalme', 'office': 'government', 'operator': 'Municipalidad de Córdoba'}",-31.4384663,-64.129278,comercio
CPC Empalme,dudoso,,,,,,"Avenida Amadeo Sabattini 4560, Córdoba",,,requiere_decision,sin evidencia suficiente para clasificar,comercios_shop,way:358259287,"{'addr:city': 'Córdoba', 'addr:housenumber': '4560', 'addr:postcode': '5006', 'addr:street': 'Avenida Amadeo Sabattini', 'amenity': 'community_centre', 'building': 'public', 'name': 'CPC Empalme', 'office': 'government', 'operator': 'Municipalidad de Córdoba'}",-31.4383626,-64.1293689,comercio
Accidentología Vial,dudoso,,,,,,"Félix Aguilar, Córdoba",,,requiere_decision,sin evidencia suficiente para clasificar,comercios_shop,way:380131391,"{'addr:city': 'Córdoba', 'addr:postcode': '5000', 'addr:street': 'Félix Aguilar', 'building': 'yes', 'name': 'Accidentología Vial', 'office': 'government'}",-31.4187593,-64.204109,comercio
Claro Argentina,dudoso,,,,,,,,,requiere_decision,sin evidencia suficiente para clasificar,comercios_shop,way:386959698,"{'building': 'yes', 'name': 'Claro Argentina', 'name:en': 'Claro Argentina', 'name:es': 'Claro Argentina', 'office': 'telecommunication'}",-31.4302273,-64.1674,comercio
Dirección de Transporte,dudoso,,,,,,,,,requiere_decision,sin evidencia suficiente para clasificar,comercios_shop,way:390056720,"{'building': 'public', 'name': 'Dirección de Transporte', 'office': 'government', 'operator': 'Municipalidad de Córdoba'}",-31.4338059,-64.170923,comercio
Secretaría de Agricultura,dudoso,,,,,,,,,requiere_decision,sin evidencia suficiente para clasificar,comercios_shop,way:390056722,"{'building': 'public', 'name': 'Secretaría de Agricultura', 'office': 'government', 'operator': 'Gobierno de la Provincia de Córdoba'}",-31.4334688,-64.1713471,comercio
Administracion Nacional de Aviación Civil,dudoso,,,,,,,,,requiere_decision,sin evidencia suficiente para clasificar,comercios_shop,way:395798462,"{'building': 'yes', 'name': 'Administracion Nacional de Aviación Civil', 'office': 'government', 'short_name': 'ANAC'}",-31.3132781,-64.2175724,comercio
Dirección Nacional de Migraciones,dudoso,,,,,+54 351 4236879,"Caseros 676, Córdoba",https://www.dnm.gov.ar/,,requiere_decision,sin evidencia suficiente para clasificar,comercios_shop,way:404619262,"{'addr:city': 'Córdoba', 'addr:housenumber': '676', 'addr:street': 'Caseros', 'building': 'yes', 'government': 'migration', 'name': 'Dirección Nacional de Migraciones', 'office': 'government', 'phone': '+54 351 4236879', 'website': 'https://www.dnm.gov.ar/'}",-31.4155385,-64.1936162,comercio
AutoHaus,comercio,cdn.jsdelivr.net/npm/bootstrap-icons@1.11.1,web_publica,https://www.autohaus.com.ar/,1.0,+54 351 487 9500,"Avenida Castro Barros 1639, Córdoba",https://www.autohaus.com.ar/,,listo_para_contactar,OSM: etiqueta shop,comercios_shop,way:525994366,"{'addr:city': 'Córdoba', 'addr:housenumber': '1639', 'addr:street': 'Avenida Castro Barros', 'building': 'yes', 'name': 'AutoHaus', 'opening_hours': 'Mo-Sa 08:00-20:00', 'operator': 'Volkswagen', 'phone': '+54 351 487 9500', 'shop': 'car', 'website': 'https://www.autohaus.com.ar/'}",-31.3910477,-64.2042757,comercio
Instituto Nuestra Señora de Sagrado Corazón,dudoso,,,,,,Guadarrama,,,requiere_decision,sin evidencia suficiente para clasificar,comercios_shop,way:555343356,"{'addr:street': 'Guadarrama', 'building': 'yes', 'name': 'Instituto Nuestra Señora de Sagrado Corazón', 'office': 'educational_institution'}",-31.4365352,-64.1668223,comercio
Dirección General de Defensa Civil y Emergencias Urbana Municipalidad de Córdoba,dudoso,,,,,,"Avenida Pueyrredón 1154, Córdoba",,,requiere_decision,sin evidencia suficiente para clasificar,comercios_shop,way:557540884,"{'addr:city': 'Córdoba', 'addr:housenumber': '1154', 'addr:street': 'Avenida Pueyrredón', 'building': 'yes', 'name': 'Dirección General de Defensa Civil y Emergencias Urbana Municipalidad de Córdoba', 'office': 'government'}",-31.4225791,-64.2036815,comercio
"Centro Oftalmológico Dr. Ernesto ""CHE"" Guevara",comercio,recepcion@operacionmilagro.org.ar,web_publica,https://www.operacionmilagro.org.ar/nueva/,0.8,+54 351 472 4588,"General Tomás Guido 757, Córdoba",https://www.operacionmilagro.org.ar/nueva/,,listo_para_contactar,OSM: etiqueta shop,comercios_shop,way:557714201,"{'addr:city': 'Córdoba', 'addr:housenumber': '757', 'addr:postcode': '5000', 'addr:street': 'General Tomás Guido', 'building': 'yes', 'name': 'Centro Oftalmológico Dr. Ernesto ""CHE"" Guevara', 'opening_hours': 'Mo-Fr 09:00-15:00', 'phone': '+54 351 472 4588', 'shop': 'optician', 'website': 'https://www.operacionmilagro.org.ar/nueva/'}",-31.3974258,-64.1963417,comercio
Legislatura de Córdoba,dudoso,,,,,,,https://legislaturacba.gob.ar/,,requiere_decision,sin evidencia suficiente para clasificar,comercios_shop,way:676317333,"{'building': 'yes', 'building:levels': '5', 'government': 'legislative', 'name': 'Legislatura de Córdoba', 'office': 'government', 'source': 'http://prensa.cba.gov.ar/informacion-general/doavanza-la-estructura-de-la-nueva-legislatura-provincial/', 'website': 'https://legislaturacba.gob.ar/'}",-31.4167165,-64.1747232,comercio
Dirección nacional de Aduanas;Dirección nacional de aduanas,dudoso,,,,,http://www.afip.gob.ar/,"Buenos Aires 150, Córdoba",http://www.afip.gob.ar/,,requiere_decision,sin evidencia suficiente para clasificar,comercios_shop,way:740994768,"{'addr:city': 'Córdoba', 'addr:housenumber': '150', 'addr:street': 'Buenos Aires', 'building': 'yes', 'government': 'customs', 'name': 'Dirección nacional de Aduanas;Dirección nacional de aduanas', 'name:en': 'Customs office', 'office': 'government', 'opening_hours': 'Mo-Fr 08:00-16:00', 'phone': 'http://www.afip.gob.ar/', 'website': 'http://www.afip.gob.ar/'}",-31.4180722,-64.1837404,comercio
Host Coworking - Sede Villa Belgrano,dudoso,,,,,+54935174391111,"Andrés María Ampere 6260, Córdoba",https://www.hostcoworking.com.ar/,,requiere_decision,sin evidencia suficiente para clasificar,comercios_shop,way:772717394,"{'addr:city': 'Córdoba', 'addr:housenumber': '6260', 'addr:postcode': 'X5021ICL', 'addr:street': 'Andrés María Ampere', 'building': 'yes', 'internet_access': 'yes', 'name': 'Host Coworking - Sede Villa Belgrano', 'office': 'coworking', 'opening_hours': 'Mo-Fr 08:30-18:30', 'phone': '+54935174391111', 'website': 'https://www.hostcoworking.com.ar/'}",-31.3503318,-64.2544486,comercio
CPC Barrio Jardín,dudoso,,,,,,,,,requiere_decision,sin evidencia suficiente para clasificar,comercios_shop,way:1033835968,"{'building': 'public', 'government': 'administrative', 'name': 'CPC Barrio Jardín', 'office': 'government', 'operator': 'Municipalidad de Córdoba', 'start_date': '2022-02-21'}",-31.4581411,-64.1696077,comercio
ERSeP,dudoso,,,,,,,https://ersep.cba.gov.ar/,,requiere_decision,sin evidencia suficiente para clasificar,comercios_shop,way:1065971686,"{'building': 'yes', 'building:levels': '6', 'government': 'administrative', 'name': 'ERSeP', 'office': 'government', 'website': 'https://ersep.cba.gov.ar/'}",-31.4155223,-64.1762382,comercio
INTA,dudoso,,,,,+54 9 351 4256414,"Rosario de Santa Fe 894, Córdoba",,,requiere_decision,sin evidencia suficiente para clasificar,comercios_shop,way:1068538429,"{'addr:city': 'Córdoba', 'addr:housenumber': '894', 'addr:postcode': '5000', 'addr:street': 'Rosario de Santa Fe', 'building': 'yes', 'name': 'INTA', 'office': 'government', 'phone': '+54 9 351 4256414'}",-31.4173535,-64.1702057,comercio
Dirección General de Rentas,dudoso,,,,,08004448008,"Rivera Indarte 650, Córdoba",https://www.rentascordoba.gob.ar/,,requiere_decision,sin evidencia suficiente para clasificar,comercios_shop,way:1094517385,"{'addr:city': 'Córdoba', 'addr:housenumber': '650', 'addr:street': 'Rivera Indarte', 'building': 'yes', 'building:levels': '7', 'government': 'administrative', 'name': 'Dirección General de Rentas', 'office': 'government', 'phone': '08004448008', 'website': 'https://www.rentascordoba.gob.ar/'}",-31.4081586,-64.1817828,comercio
Registro Civil Central de la Municipalidad de Córdoba,dudoso,,,,,08008880404,"Boulevard Chacabuco 737, Córdoba",https://cordoba.gob.ar/registro-civil/,,requiere_decision,sin evidencia suficiente para clasificar,comercios_shop,way:1094556508,"{'addr:city': 'Córdoba', 'addr:housenumber': '737', 'addr:street': 'Boulevard Chacabuco', 'building': 'yes', 'building:levels': '12', 'government': 'register_office', 'name': 'Registro Civil Central de la Municipalidad de Córdoba', 'office': 'government', 'phone': '08008880404', 'website': 'https://cordoba.gob.ar/registro-civil/'}",-31.4260624,-64.1833399,comercio
Bolsa y Cámara de Cereales de Córdoba,dudoso,,,,,+54 351 422 9637,,https://www.bccba.org.ar/,,requiere_decision,sin evidencia suficiente para clasificar,comercios_shop,way:1095544310,"{'building': 'yes', 'building:levels': '3', 'government': 'yes', 'name': 'Bolsa y Cámara de Cereales de Córdoba', 'office': 'government', 'phone': '+54 351 422 9637', 'website': 'https://www.bccba.org.ar/'}",-31.4144401,-64.1738429,comercio
ENACOM Córdoba,dudoso,,,,,+54 351 424 4225,"Avenida General Paz 255, Córdoba",https://www.enacom.gob.ar/,,requiere_decision,sin evidencia suficiente para clasificar,comercios_shop,way:1095689079,"{'addr:city': 'Córdoba', 'addr:housenumber': '255', 'addr:street': 'Avenida General Paz', 'building': 'yes', 'building:levels': '9', 'name': 'ENACOM Córdoba', 'office': 'government', 'phone': '+54 351 424 4225', 'website': 'https://www.enacom.gob.ar/'}",-31.4123035,-64.1857034,comercio
Concejo Deliberante de Córdoba,dudoso,,,,,,,,,requiere_decision,sin evidencia suficiente para clasificar,comercios_shop,way:1101295005,"{'building': 'government', 'building:levels': '2', 'government': 'administrative', 'name': 'Concejo Deliberante de Córdoba', 'office': 'government', 'panoramax': 'c1ab6601-5d6b-49ac-98e5-22b9e269442f'}",-31.4062197,-64.1762557,comercio
RTM - Recursos Tributarios Municipales,dudoso,,,,,,"Avenida Colón 3551, Córdoba",https://tributariomuni.gob.ar/,,requiere_decision,sin evidencia suficiente para clasificar,comercios_shop,way:1106885855,"{'addr:city': 'Córdoba', 'addr:housenumber': '3551', 'addr:street': 'Avenida Colón', 'building': 'yes', 'building:levels': '2', 'name': 'RTM - Recursos Tributarios Municipales', 'office': 'yes', 'opening_hours': 'Mo-Fr 08:00-16:00', 'website': 'https://tributariomuni.gob.ar/'}",-31.4007573,-64.2272306,comercio
Patio Olmos,comercio,info@mariabacur.com,web_publica,https://patioolmos.com/,0.95,+54 351 570 4199,"Avenida Vélez Sarsfield 361, Córdoba",https://www.patioolmos.com/,,listo_para_contactar,OSM: etiqueta shop,comercios_shop,way:1126847036,"{'addr:city': 'Córdoba', 'addr:housenumber': '361', 'addr:postcode': 'X5000JJD', 'addr:street': 'Avenida Vélez Sarsfield', 'building': 'yes', 'building:levels': '4', 'name': 'Patio Olmos', 'opening_hours': 'Mo-Su 10:00-22:00', 'phone': '+54 351 570 4199', 'shop': 'mall', 'website': 'https://www.patioolmos.com/', 'wikidata': 'Q9056815', 'wikimedia_commons': 'Category:Patio Olmos', 'wikipedia': 'es:Patio Olmos'}",-31.419746,-64.1878013,comercio
Laboratorio Central de la Provincia de Córdoba,dudoso,,,,,,,,,requiere_decision,sin evidencia suficiente para clasificar,comercios_shop,way:1149225358,"{'building': 'yes', 'building:levels': '3', 'check_date': '2026-08-21', 'name': 'Laboratorio Central de la Provincia de Córdoba', 'office': 'research'}",-31.4238994,-64.1768706,comercio
Instituto de Proteccion Ambiental y Animal,dudoso,,,,,,,,,requiere_decision,sin evidencia suficiente para clasificar,comercios_shop,way:1193019889,"{'building': 'yes', 'name': 'Instituto de Proteccion Ambiental y Animal', 'office': 'government'}",-31.3840643,-64.2506484,comercio
Gráfica Don Bosco,dudoso,,,,,,,,,requiere_decision,sin evidencia suficiente para clasificar,comercios_shop,way:1222350644,"{'building': 'yes', 'name': 'Gráfica Don Bosco', 'office': 'graphic_design'}",-31.3962573,-64.2506666,comercio
Cable TV,dudoso,,,,,,,,,requiere_decision,sin evidencia suficiente para clasificar,comercios_shop,way:1223055665,"{'building': 'yes', 'name': 'Cable TV', 'office': 'telecommunication'}",-31.3986082,-64.2311201,comercio
Puesto 1,dudoso,,,,,,,,,requiere_decision,sin evidencia suficiente para clasificar,comercios_shop,way:1233243071,"{'building': 'yes', 'layer': '1', 'name': 'Puesto 1', 'office': 'security', 'opening_hours': '24/7'}",-31.3681493,-64.3007321,comercio
Puesto 2,dudoso,,,,,,,,,requiere_decision,sin evidencia suficiente para clasificar,comercios_shop,way:1233243072,"{'building': 'yes', 'layer': '1', 'name': 'Puesto 2', 'office': 'security', 'opening_hours': '24/7'}",-31.3688145,-64.2962112,comercio
Puesto 3,dudoso,,,,,,,,,requiere_decision,sin evidencia suficiente para clasificar,comercios_shop,way:1233243073,"{'building': 'yes', 'layer': '1', 'name': 'Puesto 3', 'office': 'security', 'opening_hours': 'Mo-Su 06:00-24:00'}",-31.357054,-64.2930055,comercio
Pueso 4,dudoso,,,,,,,,,requiere_decision,sin evidencia suficiente para clasificar,comercios_shop,way:1233243074,"{'building': 'yes', 'layer': '1', 'name': 'Pueso 4', 'office': 'security', 'opening_hours': '24/7'}",-31.3494248,-64.2905169,comercio
Puesto 7,dudoso,,,,,,,,,requiere_decision,sin evidencia suficiente para clasificar,comercios_shop,way:1267562164,"{'building': 'yes', 'name': 'Puesto 7', 'office': 'security', 'opening_hours': 'Mo-Fr 07:30-18:30'}",-31.3681069,-64.3009301,comercio
Puesto 9,dudoso,,,,,,,,,requiere_decision,sin evidencia suficiente para clasificar,comercios_shop,way:1267566110,"{'building': 'yes', 'name': 'Puesto 9', 'office': 'security'}",-31.3491123,-64.2960825,comercio
Apross,dudoso,,,,,08008882776,"Avenida Marcelo T. de Alvear 758, Córdoba",https://www.apross.gov.ar/,,requiere_decision,sin evidencia suficiente para clasificar,comercios_shop,way:1350698480,"{'addr:city': 'Córdoba', 'addr:housenumber': '758', 'addr:street': 'Avenida Marcelo T. de Alvear', 'building': 'yes', 'building:levels': '1', 'name': 'Apross', 'office': 'government', 'phone': '08008882776', 'website': 'https://www.apross.gov.ar/'}",-31.4235977,-64.1936961,comercio
Casa Radical,dudoso,,,,,,,,,requiere_decision,sin evidencia suficiente para clasificar,comercios_shop,way:1352447565,"{'building': 'yes', 'building:colour': 'FF96BB', 'building:levels': '1', 'name': 'Casa Radical', 'office': 'political_party'}",-31.4206629,-64.1893188,comercio
Leistung Plus,dudoso,,,,,,"Los Venecianos 6478, Córdoba",https://leistungargentina.com.ar/es/inicio/,,requiere_decision,sin evidencia suficiente para clasificar,comercios_shop,way:1418457781,"{'addr:city': 'Córdoba', 'addr:housenumber': '6478', 'addr:postcode': 'X5022', 'addr:street': 'Los Venecianos', 'building': 'yes', 'name': 'Leistung Plus', 'office': 'research', 'website': 'https://leistungargentina.com.ar/es/inicio/'}",-31.3403374,-64.2141394,comercio
CPC Pueyrredón,dudoso,,,,,,Gavilán 850,,,requiere_decision,sin evidencia suficiente para clasificar,comercios_shop,way:1462375302,"{'addr:housenumber': '850', 'addr:street': 'Gavilán', 'name': 'CPC Pueyrredón', 'office': 'government', 'operator': 'Municipalidad de Córdoba', 'operator:wikidata': 'Q44210'}",-31.4032794,-64.1544429,comercio
Secretaría de Transporte,dudoso,,,,,,,,,requiere_decision,sin evidencia suficiente para clasificar,comercios_shop,way:1546187204,"{'building': 'yes', 'building:levels': '3', 'name': 'Secretaría de Transporte', 'office': 'government'}",-31.4232093,-64.1746022,comercio
Secretaría de Ambiente,dudoso,,,,,,,,,requiere_decision,sin evidencia suficiente para clasificar,comercios_shop,relation:5834508,"{'building': 'public', 'name': 'Secretaría de Ambiente', 'office': 'government', 'type': 'multipolygon'}",-31.4372065,-64.1754267,comercio
Club Milanesa,generador,info@elclubdelamilanesa.com,web_publica,https://elclubdelamilanesa.com/,0.75,+54 351 460 8080,"Boulevard Chacabuco 895, Córdoba",https://www.elclubdelamilanesa.com/,,listo_para_contactar,club/institución deportiva con comunidad de miembros,comercios_amenity,node:705669244,"{'addr:city': 'Córdoba', 'addr:housenumber': '895', 'addr:street': 'Boulevard Chacabuco', 'amenity': 'restaurant', 'brand': 'Club Milanesa', 'brand:wikidata': 'Q117324078', 'cuisine': 'milanesa;picada;sandwich;argentinian', 'name': 'Club Milanesa', 'opening_hours': 'Mo-Su 12:00-01:00', 'phone': '+54 351 460 8080', 'smoking': 'no', 'website': 'https://www.elclubdelamilanesa.com/'}",-31.4278752,-64.1843409,comercio
Sanatorio Allende,comercio,atpacientecerro@sanatorioallende.com,web_publica,https://www.sanatorioallende.com/,1.0,+54 351 4269212,"Avenida Hipólito Yrigoyen 384, Córdoba",https://www.sanatorioallende.com/,,listo_para_contactar,OSM: healthcare,comercios_amenity,node:791743847,"{'addr:city': 'Córdoba', 'addr:full': 'Hipolito Yrigoyen 384', 'addr:housenumber': '384', 'addr:postcode': '5000', 'addr:street': 'Avenida Hipólito Yrigoyen', 'amenity': 'hospital', 'healthcare': 'hospital', 'name': 'Sanatorio Allende', 'operator': 'Privado', 'operator:type': 'private', 'phone': '+54 351 4269212', 'ref:sisa_codigo': '10140142331284', 'ref:sisa_tipologia': 'ESCIG', 'website': 'https://www.sanatorioallende.com/'}",-31.4246194,-64.1873361,comercio
Farmacia Moderna 5,comercio,cdn.jsdelivr.net/npm/bootstrap@5.0.2,web_publica,https://www.redmoderna.com.ar/,0.8,+54 351 568 0181,"Boulevard Chacabuco 502, Córdoba",https://www.redmoderna.com.ar/,,listo_para_contactar,OSM: servicio/comercio,comercios_amenity,node:1783175593,"{'addr:city': 'Córdoba', 'addr:housenumber': '502', 'addr:postcode': '5000', 'addr:street': 'Boulevard Chacabuco', 'amenity': 'pharmacy', 'healthcare': 'pharmacy', 'name': 'Farmacia Moderna 5', 'phone': '+54 351 568 0181', 'website': 'https://www.redmoderna.com.ar/'}",-31.4232863,-64.1827451,comercio
Biblioteca Popular Alberdi,dudoso,,,,,,,,,requiere_decision,sin evidencia suficiente para clasificar,comercios_amenity,node:4223121390,"{'amenity': 'public_bookcase', 'description': 'La biblioteca también brinda a los vecinos diferentes actividades deportivas como futbol, basquet, además de talleres de computación,inglés,tejido,entre otros. Cuando se producen lluvias se suspenden estas actividades y la biblioteca no abre sus puertas.', 'name': 'Biblioteca Popular Alberdi'}",-31.4045432,-64.2177511,comercio
Wöllen,comercio,info@wollen.com.ar,web_publica,https://wollen.com.ar/,0.95,+54 351 421 1069,Avenida Marcelo T. de Alvear 84,https://wollen.com.ar/,,listo_para_contactar,OSM: servicio/comercio,comercios_amenity,node:4684668790,"{'addr:housenumber': '84', 'addr:postcode': '5000', 'addr:street': 'Avenida Marcelo T. de Alvear', 'amenity': 'cafe', 'name': 'Wöllen', 'opening_hours': 'Mo-Fr 08:00-00:00; Sa-Su 08:00-18:00', 'phone': '+54 351 421 1069', 'website': 'https://wollen.com.ar/'}",-31.4147906,-64.1913101,comercio
Farmacia Juarez Ruffino IV,comercio,hola@farmaciajuarezruffino.com,web_publica,https://www.farmaciajuarezruffino.com/,0.75,+54 351 476 0300,Bulevar Los Granaderos 2068,https://www.farmaciajuarezruffino.com/,,listo_para_contactar,OSM: servicio/comercio,comercios_amenity,node:5379864474,"{'addr:housenumber': '2068', 'addr:street': 'Bulevar Los Granaderos', 'amenity': 'pharmacy', 'drive_through': 'yes', 'healthcare': 'pharmacy', 'name': 'Farmacia Juarez Ruffino IV', 'phone': '+54 351 476 0300', 'website': 'https://www.farmaciajuarezruffino.com/'}",-31.3808564,-64.2009322,comercio
Betos,comercio,cdn.jsdelivr.net/npm/bootstrap-icons@1.9.1,web_publica,https://betos.com.ar/,0.95,+54 351 465 6565,Avenida Fuerza Aérea,https://betos.com.ar/,,listo_para_contactar,OSM: servicio/comercio,comercios_amenity,node:5625011421,"{'addr:postcode': '5010', 'addr:street': 'Avenida Fuerza Aérea', 'amenity': 'fast_food', 'name': 'Betos', 'opening_hours': 'Mo-Su 11:30-00:30', 'phone': '+54 351 465 6565', 'website': 'https://betos.com.ar/'}",-31.4307562,-64.2202494,comercio
Weiss Córdoba,comercio,weissburgerbar@gmail.com,web_publica,https://weissburger.com/contacto/,1.0,+54 9 294 430 8892,"Avenida Hipólito Yrigoyen 419, Córdoba",https://weissburger.com/,,listo_para_contactar,OSM: servicio/comercio,comercios_amenity,node:5680650422,"{'addr:city': 'Córdoba', 'addr:housenumber': '419', 'addr:postcode': 'X5000', 'addr:street': 'Avenida Hipólito Yrigoyen', 'amenity': 'fast_food', 'cuisine': 'burger', 'drive_through': 'no', 'name': 'Weiss Córdoba', 'phone': '+54 9 294 430 8892', 'website': 'https://weissburger.com/'}",-31.4255733,-64.1861802,comercio
Imgo Instituto Modelo Privado De Ginecologia Y Obstetricia Sa,comercio,c%c3%b3rdoba/@-31.4142633,web_publica,https://www.imgo.com.ar/,0.8,+54 351 421 6869,"Arturo M. Bas 57, Córdoba",https://www.imgo.com.ar/,,listo_para_contactar,OSM: healthcare,comercios_amenity,node:7501407729,"{'addr:city': 'Córdoba', 'addr:full': 'Arturo M. Bas 57', 'addr:housenumber': '57', 'addr:postcode': '5000', 'addr:street': 'Arturo M. Bas', 'amenity': 'hospital', 'healthcare': 'hospital', 'name': 'Imgo Instituto Modelo Privado De Ginecologia Y Obstetricia Sa', 'operator': 'Privado', 'operator:type': 'private', 'phone': '+54 351 421 6869', 'ref:sisa_codigo': '10140142333227', 'ref:sisa_tipologia': 'ESCIG', 'website': 'https://www.imgo.com.ar/'}",-31.4141928,-64.192265,comercio
Clínica Mottura,comercio,info@tiendapocket.com,web_publica,https://esteticamottura.com/,1.0,+54 351 460 7071,"Friuli 2110, Córdoba",https://www.esteticamottura.com/,,listo_para_contactar,OSM: servicio/comercio,comercios_amenity,node:9250151941,"{'addr:city': 'Córdoba', 'addr:housenumber': '2110', 'addr:postcode': 'X5016', 'addr:street': 'Friuli', 'amenity': 'clinic', 'healthcare': 'clinic', 'name': 'Clínica Mottura', 'phone': '+54 351 460 7071', 'website': 'https://www.esteticamottura.com/'}",-31.438307,-64.1967106,comercio
Cyber 512kb,dudoso,,,,,,,,,requiere_decision,sin evidencia suficiente para clasificar,comercios_amenity,node:10966130634,"{'amenity': 'internet_cafe', 'name': 'Cyber 512kb'}",-31.436444,-64.169169,comercio
Cybercafé Telecéntro,dudoso,,,,,,,,,requiere_decision,sin evidencia suficiente para clasificar,comercios_amenity,node:11331469733,"{'amenity': 'internet_cafe', 'name': 'Cybercafé Telecéntro'}",-31.4091049,-64.1977225,comercio
Pizza Popular,comercio,comercial@grupo-popular.com,web_publica,https://pizzeriapopularrn.com/,1.0,+54 351 653 5799,Rondeau 595,https://pizzeriapopularrn.com/,,listo_para_contactar,OSM: servicio/comercio,comercios_amenity,node:12347093101,"{'addr:housenumber': '595', 'addr:street': 'Rondeau', 'amenity': 'restaurant', 'cuisine': 'pizza', 'internet_access': 'wlan', 'name': 'Pizza Popular', 'opening_hours': 'Mo-Su,PH 10:30-16:30,19:00-01:00', 'phone': '+54 351 653 5799', 'website': 'https://pizzeriapopularrn.com/'}",-31.4244528,-64.1785795,comercio
TOMMY PETS,dudoso,,,,,+54 351 736 8587,"Ituzaingó 1005, Córdoba",https://www.tommypets.com.ar/,,requiere_decision,sin evidencia suficiente para clasificar,comercios_amenity,node:12944004701,"{'addr:city': 'Córdoba', 'addr:housenumber': '1005', 'addr:postcode': 'X5000', 'addr:street': 'Ituzaingó', 'amenity': 'veterinary_pharmacy', 'name': 'TOMMY PETS', 'phone': '+54 351 736 8587', 'website': 'https://www.tommypets.com.ar/'}",-31.4282126,-64.1861402,comercio
IT! Italy Ristorante & Café & Bar,comercio,info@ititaly.us,web_publica,https://ititaly.com.ar/,0.8,+54 351 200 5626,"Avenida Hipólito Yrigoyen 181, Córdoba",https://www.ititaly.com.ar/,,listo_para_contactar,OSM: servicio/comercio,comercios_amenity,node:12944004714,"{'addr:city': 'Córdoba', 'addr:housenumber': '181', 'addr:postcode': 'X5000', 'addr:street': 'Avenida Hipólito Yrigoyen', 'amenity': 'restaurant', 'name': 'IT! Italy Ristorante & Café & Bar', 'phone': '+54 351 200 5626', 'website': 'https://www.ititaly.com.ar/'}",-31.422678,-64.1875278,comercio
sushi 2x1 [Nueva Córdoba],comercio,tu@email.com,web_publica,https://nuevacordoba.sushi2x1.com.ar/,0.8,+54 351 746 1415,"Avenida José Manuel Estrada 78, Córdoba",https://nuevacordoba.sushi2x1.com.ar/,,listo_para_contactar,OSM: servicio/comercio,comercios_amenity,node:12944004717,"{'addr:city': 'Córdoba', 'addr:housenumber': '78', 'addr:postcode': 'X5000', 'addr:street': 'Avenida José Manuel Estrada', 'amenity': 'restaurant', 'cuisine': 'sushi', 'name': 'sushi 2x1 [Nueva Córdoba]', 'phone': '+54 351 746 1415', 'website': 'https://nuevacordoba.sushi2x1.com.ar/'}",-31.4276854,-64.1879608,comercio
Hospital Córdoba,comercio,info@bitcommerce.com.ar,web_publica,http://hospitalcordoba.com.ar/#miModal,1.0,08005554141,"Avenida Patria 656, Córdoba",http://hospitalcordoba.com.ar/#miModal,,listo_para_contactar,OSM: healthcare,comercios_amenity,node:13037741763,"{'addr:city': 'Córdoba', 'addr:housenumber': '656', 'addr:postcode': '5000', 'addr:street': 'Avenida Patria', 'healthcare': 'hospital', 'name': 'Hospital Córdoba', 'phone': '08005554141', 'website': 'http://hospitalcordoba.com.ar/#miModal'}",-31.4063997,-64.1580861,comercio
Centro Modelo,comercio,info@centromodelova.com,web_publica,https://www.centromodelova.com/,1.0,+54 3543 43-5308,,https://www.centromodelova.com/,,listo_para_contactar,OSM: servicio/comercio,comercios_amenity,node:13082527689,"{'amenity': 'clinic', 'check_date': '2025-08-19', 'healthcare': 'clinic', 'healthcare:speciality': 'dermatology;child_psychiatry;cardiology;diabetology;radiology;general;endocrinology;gastroenterology;gynaecology;blood_check;neurology;ophthalmology;dentist;paediatrics;psychiatry;rheumatology;urology', 'name': 'Centro Modelo', 'operator:type': 'private', 'phone': '+54 3543 43-5308', 'website': 'https://www.centromodelova.com/'}",-31.3012967,-64.2779112,comercio
HQ,dudoso,,,,,,"Mariano Moreno 295, Córdoba",,,requiere_decision,sin evidencia suficiente para clasificar,comercios_amenity,node:13447513719,"{'addr:city': 'Córdoba', 'addr:housenumber': '295', 'addr:postcode': '5000', 'addr:street': 'Mariano Moreno', 'amenity': 'internet_cafe', 'name': 'HQ'}",-31.4152908,-64.1985855,comercio
General Paz,comercio,info@farmaciageneralpaz.com,web_publica,https://www.farmaciageneralpaz.com/,1.0,08004447257,,https://www.farmaciageneralpaz.com,,listo_para_contactar,OSM: servicio/comercio,comercios_amenity,node:14071156684,"{'amenity': 'pharmacy', 'check_date': '2026-07-30', 'dispensing': 'yes', 'drive_through': 'no', 'healthcare': 'pharmacy', 'name': 'General Paz', 'panoramax': 'dc3b5edb-c8a8-4253-9999-75e5af6b2462', 'phone': '08004447257', 'website': 'https://www.farmaciageneralpaz.com'}",-31.4091416,-64.1855703,comercio
Instituto Modelo de Cardiología,comercio,info@imcnet.com.ar,web_publica,https://imcnet.com.ar/,1.0,+54 351 4858585,"Avenida Sagrada Familia 359, Córdoba",https://www.imcnet.com.ar/,,listo_para_contactar,OSM: healthcare,comercios_amenity,way:210687196,"{'addr:city': 'Córdoba', 'addr:full': 'Avenida Sagrada Familia 359', 'addr:housenumber': '359', 'addr:postcode': '5003', 'addr:street': 'Avenida Sagrada Familia', 'amenity': 'hospital', 'emergency': 'yes', 'healthcare': 'hospital', 'healthcare:speciality': 'cardiology', 'name': 'Instituto Modelo de Cardiología', 'official_name': 'Instituto Modelo de Cardiología Privado Srl', 'operator': 'Privado', 'operator:type': 'private', 'phone': '+54 351 4858585', 'ref:sisa_codigo': '10140142331272', 'ref:sisa_tipologia': 'ESCIG', 'website': 'https://www.imcnet.com.ar/'}",-31.3956858,-64.2356885,comercio
Hospital Militar Regional Córdoba,comercio,informes@hmcba.com.ar,web_publica,https://hmcba.com.ar/,1.0,+54 351 433 3237,"Avenida Cruz Roja Argentina 1174, Córdoba",https://hmcba.com.ar/,,listo_para_contactar,OSM: healthcare,comercios_amenity,way:238810336,"{'addr:city': 'Córdoba', 'addr:full': 'Avenida Cruz Roja Argentina 1174', 'addr:housenumber': '1174', 'addr:postcode': '5012', 'addr:street': 'Avenida Cruz Roja Argentina', 'amenity': 'hospital', 'emergency': 'yes', 'healthcare': 'hospital', 'name': 'Hospital Militar Regional Córdoba', 'official_name': 'Hospital Militar Regional Córdoba «Cirujano Mayor Dr. Eleodoro Damianovich»', 'operator': 'FFAA/Seguridad', 'operator:type': 'public', 'phone': '+54 351 433 3237', 'ref:sisa_codigo': '10140142431169', 'ref:sisa_tipologia': 'ESCIG', 'website': 'https://hmcba.com.ar/', 'wikidata': 'Q88566752', 'wikipedia': 'es:Hospital Militar Regional Córdoba'}",-31.4408321,-64.1801666,comercio
Hospital Italiano,comercio,info@hospital-italiano.org.ar,web_publica,https://www.hospital-italiano.org.ar/,1.0,+54 351 4106500,"Roma 550, Córdoba",https://www.hospital-italiano.org.ar/,,listo_para_contactar,OSM: healthcare,comercios_amenity,way:327180486,"{'addr:city': 'Córdoba', 'addr:housenumber': '550', 'addr:postcode': '5004', 'addr:street': 'Roma', 'amenity': 'hospital', 'healthcare': 'hospital', 'name': 'Hospital Italiano', 'official_name': 'Sociedad de Beneficiencia Hospital Italiano', 'operator': 'Privado', 'operator:type': 'private', 'phone': '+54 351 4106500', 'ref:sisa_codigo': '10140142331332', 'ref:sisa_tipologia': 'ESCIG', 'website': 'https://www.hospital-italiano.org.ar/'}",-31.4092557,-64.1642969,comercio
Sanatorio del Salvador,comercio,info@sanatoriodelsalvador.com,web_publica,https://sanatoriodelsalvador.com/,1.0,+54 351 4529600,"General Román Deheza 542, Córdoba",https://www.sanatoriodelsalvador.com/,,listo_para_contactar,OSM: servicio/comercio,comercios_amenity,way:327180587,"{'addr:city': 'Córdoba', 'addr:full': 'General Deheza 542', 'addr:housenumber': '542', 'addr:postcode': '5004', 'addr:street': 'General Román Deheza', 'amenity': 'clinic', 'building': 'yes', 'building:levels': '6', 'healthcare': 'clinic', 'height': '23', 'name': 'Sanatorio del Salvador', 'official_name': 'Sanatorio Del Salvador Privado S.A.', 'operator': 'Privado', 'operator:type': 'private', 'phone': '+54 351 4529600', 'ref:sisa_codigo': '10140142331288', 'ref:sisa_tipologia': 'ESCIG', 'website': 'https://www.sanatoriodelsalvador.com/'}",-31.4090416,-64.1633733,comercio
Clinica y Maternidad Del Sol,comercio,formatjs/intl-segmenter@11.7.10,web_publica,https://www.clinicadelsol.com.ar/,1.0,+54 351 5680600,"Boulevard Chacabuco 709, Córdoba",https://www.clinicadelsol.com.ar/,,listo_para_contactar,OSM: healthcare,comercios_amenity,way:555862421,"{'addr:city': 'Córdoba', 'addr:full': 'Boulevard Chacabuco 709', 'addr:housenumber': '709', 'addr:postcode': '5000', 'addr:street': 'Boulevard Chacabuco', 'amenity': 'hospital', 'building': 'yes', 'healthcare': 'hospital', 'healthcare:speciality': 'maternity', 'name': 'Clinica y Maternidad Del Sol', 'official_name': 'Clinica Privada Del Sol S.A.', 'operator': 'Privado', 'operator:type': 'private', 'phone': '+54 351 5680600', 'ref:sisa_codigo': '10140142333303', 'ref:sisa_tipologia': 'ESCIG', 'website': 'https://www.clinicadelsol.com.ar/'}",-31.4258242,-64.1833765,comercio
Centro Médico Privado San Andres,comercio,info@centromedicosanandres.com,web_publica,https://centromedicosanandres.com/,0.8,(351) 4256829 / 4256464 / 4257907,Nicolás Avellaneda 464,https://centromedicosanandres.com/,,listo_para_contactar,OSM: healthcare,comercios_amenity,way:1046778968,"{'addr:housenumber': '464', 'addr:street': 'Nicolás Avellaneda', 'amenity': 'hospital', 'emergency': 'yes', 'healthcare': 'hospital', 'healthcare:speciality': 'general;physiologist;gynaecology;radiology;laboratory', 'name': 'Centro Médico Privado San Andres', 'name:es': 'San Andrés', 'phone': '(351) 4256829 / 4256464 / 4257907', 'website': 'https://centromedicosanandres.com/'}",-31.4071804,-64.1937794,comercio
Asociación Cordobesa de Aikido,generador,cdn.jsdelivr.net/npm/photoswipe@5.4.3,web_publica,http://www.aikidoaikido.com.ar/,0.8,,"Avenida Marcelo T. de Alvear 577, Córdoba",http://www.aikidoaikido.com.ar/,,listo_para_contactar,OSM: institución deportiva con actividad deportiva,generadores_deportivos,node:3043602734,"{'addr:city': 'Córdoba', 'addr:housenumber': '577', 'addr:street': 'Avenida Marcelo T. de Alvear', 'leisure': 'sports_centre', 'name': 'Asociación Cordobesa de Aikido', 'opening_hours': 'Mo,We,Fr 18:30-20:45; Tu,Th 11:00-12:00', 'source': 'http://www.aikidoaikido.com.ar/', 'sport': 'aikido;judo;kendo;iaido', 'website': 'http://www.aikidoaikido.com.ar/'}",-31.4212527,-64.1906053,generador
Miyazato Dojo Karate Do,dudoso,,,,,+54 351 489 2584,"Baracaldo 2579, Córdoba",miyazatodojo.com,,requiere_decision,sin evidencia suficiente para clasificar,generadores_deportivos,node:5357678029,"{'addr:city': 'Córdoba', 'addr:housenumber': '2579', 'addr:street': 'Baracaldo', 'amenity': 'dojo', 'name': 'Miyazato Dojo Karate Do', 'opening_hours': 'Tu-Th 20:30-22:00', 'opening_hours:covid19': 'Mo-Fr 20:15-21:15', 'opening_hours_1': 'Mo-Fr 20:30-23:30', 'phone': '+54 351 489 2584', 'sport': 'karate', 'website': 'miyazatodojo.com'}",-31.3888325,-64.2139846,generador
CBA X Escalada,generador,programa.cbax@gmail.com,OpenStreetMap,,1.0,+54 351 434 8360; +54 351 434 8367,"Bulevar Parque del Kempes, Córdoba",https://cbax.cba.gov.ar/federacion-tierra/escalada/,,listo_para_contactar,"organización con afiliados, asociados o beneficiarios",generadores_deportivos,node:8047907288,"{'addr:city': 'Córdoba', 'addr:postcode': 'X5021', 'addr:street': 'Bulevar Parque del Kempes', 'email': 'programa.cbax@gmail.com', 'leisure': 'sports_centre', 'name': 'CBA X Escalada', 'operator': 'Gobierno de Córdoba', 'operator:type': 'government', 'phone': '+54 351 434 8360; +54 351 434 8367', 'sport': 'climbing', 'website': 'https://cbax.cba.gov.ar/federacion-tierra/escalada/'}",-31.3634304,-64.2436389,generador
Circuito de Mountain Bike,dudoso,,,,,,,,,requiere_decision,sin evidencia suficiente para clasificar,generadores_deportivos,node:8047907383,"{'leisure': 'track', 'name': 'Circuito de Mountain Bike', 'sport': 'cycling'}",-31.363205,-64.2423787,generador
Rollers Salom,dudoso,,,,,,,,,requiere_decision,sin evidencia suficiente para clasificar,generadores_deportivos,node:8047907491,"{'leisure': 'pitch', 'name': 'Rollers Salom', 'sport': 'skateboard'}",-31.3714275,-64.2440375,generador
BMX Flatland,dudoso,,,,,,,,,requiere_decision,sin evidencia suficiente para clasificar,generadores_deportivos,node:8047907492,"{'leisure': 'track', 'name': 'BMX Flatland', 'sport': 'cycling'}",-31.3714978,-64.2440404,generador
Canchas Güemes,dudoso,,,,,,,,,requiere_decision,sin evidencia suficiente para clasificar,generadores_deportivos,node:10600319570,"{'check_date': '2024-08-19', 'club': 'sport', 'name': 'Canchas Güemes', 'sport': 'soccer'}",-31.4240882,-64.1957477,generador
Fanáticos del fútbol,dudoso,,,,,,,,,requiere_decision,sin evidencia suficiente para clasificar,generadores_deportivos,node:10600332123,"{'name': 'Fanáticos del fútbol', 'sport': 'futsal'}",-31.4202033,-64.2131967,generador
Natural Fit,dudoso,,,,,,,,,requiere_decision,sin evidencia suficiente para clasificar,generadores_deportivos,node:10681320297,"{'name': 'Natural Fit', 'sport': 'gymnastics'}",-31.3903855,-64.1837396,generador
Mubas AYoga,dudoso,,,,,,,,,requiere_decision,sin evidencia suficiente para clasificar,generadores_deportivos,node:11331469734,"{'leisure': 'fitness_centre', 'name': 'Mubas AYoga', 'sport': 'yoga'}",-31.4092394,-64.1971656,generador
Gym Femenino,dudoso,,,,,,"Obispo Trejo 1180, Córdoba",,,requiere_decision,sin evidencia suficiente para clasificar,generadores_deportivos,node:12648420971,"{'addr:city': 'Córdoba', 'addr:housenumber': '1180', 'addr:postcode': 'X5000', 'addr:street': 'Obispo Trejo', 'leisure': 'fitness_centre', 'name': 'Gym Femenino', 'opening_hours': 'Mo-Fr 10:00-13:00, 17:00-21:30', 'sport': 'fitness;aerobics;personal_training;weightlifting'}",-31.4291424,-64.1911164,generador
KÖRPER - SEDE VALLE ESCONDIDO,dudoso,,,,,,"Pjpn Cabo Segundo Ramon Aldo Moreno, Córdoba",,,requiere_decision,sin evidencia suficiente para clasificar,generadores_deportivos,node:13965253587,"{'addr:city': 'Córdoba', 'addr:postcode': '5003', 'addr:street': 'Pjpn Cabo Segundo Ramon Aldo Moreno', 'leisure': 'fitness_centre', 'name': 'KÖRPER - SEDE VALLE ESCONDIDO', 'sport': 'fitness'}",-31.3817967,-64.2701283,generador
BestClub,dudoso,,,,,,,,,requiere_decision,sin evidencia suficiente para clasificar,generadores_deportivos,node:14070588774,"{'check_date': '2026-07-30', 'leisure': 'fitness_centre', 'name': 'BestClub', 'panoramax': 'a9f40efd-3dba-4514-9b65-fba871c8aaf7', 'sport': 'swimming'}",-31.4205279,-64.1912095,generador
Cúpula,dudoso,,,,,,,,,requiere_decision,sin evidencia suficiente para clasificar,generadores_deportivos,way:61509628,"{'building': 'school', 'height': '10', 'leisure': 'pitch', 'name': 'Cúpula', 'roof:shape': 'dome', 'sport': 'multi', 'surface': 'concrete'}",-31.4653227,-64.2582396,generador
Cartodromo Pque. San Martín,dudoso,,,,,,,,,requiere_decision,sin evidencia suficiente para clasificar,generadores_deportivos,way:154049444,"{'access': 'private', 'highway': 'raceway', 'name': 'Cartodromo Pque. San Martín', 'oneway': 'yes', 'sport': 'motor'}",-31.3574104,-64.2654711,generador
Circuito,dudoso,,,,,,,,,requiere_decision,sin evidencia suficiente para clasificar,generadores_deportivos,way:154051340,"{'access': 'no', 'foot': 'no', 'highway': 'raceway', 'name': 'Circuito', 'oneway': 'yes', 'sport': 'motor'}",-31.3573116,-64.2652069,generador
Circuito MotoCross,dudoso,,,,,,,,,requiere_decision,sin evidencia suficiente para clasificar,generadores_deportivos,way:154054747,"{'access': 'no', 'bicycle': 'yes', 'foot': 'no', 'highway': 'raceway', 'horse': 'no', 'motor_vehicle': 'private', 'name': 'Circuito MotoCross', 'sport': 'motor'}",-31.3584782,-64.2627865,generador
Circuito RC,dudoso,,,,,,,,,requiere_decision,sin evidencia suficiente para clasificar,generadores_deportivos,way:154248032,"{'highway': 'raceway', 'name': 'Circuito RC', 'oneway': 'yes', 'sport': 'motor'}",-31.3668882,-64.2439202,generador
Natatorios 25 y 50 mts,dudoso,,,,,,,,,requiere_decision,sin evidencia suficiente para clasificar,generadores_deportivos,way:154248038,"{'covered': 'yes', 'leisure': 'swimming_pool', 'name': 'Natatorios 25 y 50 mts', 'sport': 'swimming'}",-31.3676182,-64.247731,generador
Cancha de Hockey Soledad García,dudoso,,,,,,,,,requiere_decision,sin evidencia suficiente para clasificar,generadores_deportivos,way:154248040,"{'leisure': 'pitch', 'name': 'Cancha de Hockey Soledad García', 'sport': 'field_hockey', 'surface': 'artificial_turf'}",-31.3658588,-64.2466009,generador
Pista de Patinaje,dudoso,,,,,,,,,requiere_decision,sin evidencia suficiente para clasificar,generadores_deportivos,way:157803762,"{'leisure': 'ice_rink', 'name': 'Pista de Patinaje', 'seasonal': 'yes', 'sport': 'multi', 'surface': 'paved'}",-31.4268175,-64.1796662,generador
Club Universitario de Córdoba,generador,administracion@clubuniversitariocba.com,OpenStreetMap,,1.0,,"Hipólito Vieytes 550, Córdoba",https://clubuniversitariocba.com/,,listo_para_contactar,club/institución deportiva con comunidad de miembros,generadores_deportivos,way:163732495,"{'addr:city': 'Córdoba', 'addr:housenumber': '550', 'addr:street': 'Hipólito Vieytes', 'contact:instagram': 'clubuniversitariocba.oficial', 'email': 'administracion@clubuniversitariocba.com', 'leisure': 'sports_centre', 'mobile': '+5493517164160', 'name': 'Club Universitario de Córdoba', 'short_name': 'La U', 'sport': 'basketball;soccer;tennis;swimming;volleyball;field_hockey;rugby_league;handball', 'website': 'https://clubuniversitariocba.com/'}",-31.4125646,-64.2156586,generador
Picadas Pajas Blancas Racing,dudoso,,,,,,,,,requiere_decision,sin evidencia suficiente para clasificar,generadores_deportivos,way:164874618,"{'highway': 'raceway', 'name': 'Picadas Pajas Blancas Racing', 'sport': 'motor'}",-31.2823032,-64.2389218,generador
Pista de Salto,dudoso,,,,,,,,,requiere_decision,sin evidencia suficiente para clasificar,generadores_deportivos,way:207269360,"{'access': 'customers', 'leisure': 'pitch', 'name': 'Pista de Salto', 'sport': 'equestrian'}",-31.3579065,-64.2935565,generador
Paddle,dudoso,,,,,,,,,requiere_decision,sin evidencia suficiente para clasificar,generadores_deportivos,way:207269362,"{'access': 'private', 'leisure': 'pitch', 'lit': 'yes', 'name': 'Paddle', 'sport': 'padel', 'surface': 'concrete'}",-31.3473312,-64.2898583,generador
Tennis,dudoso,,,,,,,,,requiere_decision,sin evidencia suficiente para clasificar,generadores_deportivos,way:207269366,"{'access': 'private', 'leisure': 'pitch', 'lit': 'yes', 'name': 'Tennis', 'sport': 'tennis', 'surface': 'clay'}",-31.3648894,-64.2954437,generador
Canchas de Fútbol Chica,dudoso,,,,,,,,,requiere_decision,sin evidencia suficiente para clasificar,generadores_deportivos,way:207269370,"{'access': 'permit', 'leisure': 'pitch', 'lit': 'yes', 'name': 'Canchas de Fútbol Chica', 'sport': 'soccer', 'surface': 'grass'}",-31.351184,-64.2914138,generador
Las Delicias,dudoso,,,,,,,,,requiere_decision,sin evidencia suficiente para clasificar,generadores_deportivos,way:208361325,"{'leisure': 'golf_course', 'name': 'Las Delicias', 'sport': 'golf'}",-31.3611516,-64.3008646,generador
Tala Hockey,dudoso,,,,,,,,,requiere_decision,sin evidencia suficiente para clasificar,generadores_deportivos,way:209482895,"{'leisure': 'pitch', 'name': 'Tala Hockey', 'sport': 'field_hockey'}",-31.3396661,-64.2962759,generador
La Cascada Tenis,dudoso,,,,,,,http://www.la-cascada.com.ar,,requiere_decision,sin evidencia suficiente para clasificar,generadores_deportivos,way:232946667,"{'leisure': 'pitch', 'name': 'La Cascada Tenis', 'sport': 'tennis', 'surface': 'clay', 'website': 'http://www.la-cascada.com.ar'}",-31.4637631,-64.2602601,generador
La Cascada,dudoso,,,,,,,www.la-cascada.com.ar,,requiere_decision,sin evidencia suficiente para clasificar,generadores_deportivos,way:232948769,"{'leisure': 'golf_course', 'name': 'La Cascada', 'sport': 'golf', 'website': 'www.la-cascada.com.ar'}",-31.468033,-64.2646893,generador
La Cascada Fútbol,dudoso,,,,,,,,,requiere_decision,sin evidencia suficiente para clasificar,generadores_deportivos,way:232949800,"{'leisure': 'pitch', 'name': 'La Cascada Fútbol', 'sport': 'soccer'}",-31.463771,-64.2597511,generador
Mediland Village,dudoso,,,,,,,,,requiere_decision,sin evidencia suficiente para clasificar,generadores_deportivos,way:234708224,"{'landuse': 'residential', 'name': 'Mediland Village', 'residential': 'apartments', 'sport': 'multi'}",-31.3825102,-64.2438553,generador
La Salle Tenis,dudoso,,,,,,,,,requiere_decision,sin evidencia suficiente para clasificar,generadores_deportivos,way:241069272,"{'leisure': 'pitch', 'name': 'La Salle Tenis', 'sport': 'tennis', 'wheelchair': 'limited'}",-31.3545564,-64.2635457,generador
La Salle Hockey,dudoso,,,,,,,,,requiere_decision,sin evidencia suficiente para clasificar,generadores_deportivos,way:241069278,"{'leisure': 'pitch', 'name': 'La Salle Hockey', 'sport': 'hockey', 'wheelchair': 'limited'}",-31.3545663,-64.2621005,generador
Fútbol,dudoso,,,,,,,,,requiere_decision,sin evidencia suficiente para clasificar,generadores_deportivos,way:241676030,"{'leisure': 'pitch', 'name': 'Fútbol', 'sport': 'soccer'}",-31.4118583,-64.2156332,generador
Hockey,dudoso,,,,,,,,,requiere_decision,sin evidencia suficiente para clasificar,generadores_deportivos,way:241676033,"{'leisure': 'pitch', 'name': 'Hockey', 'sport': 'field_hockey'}",-31.4136577,-64.2162515,generador
Rugby,dudoso,,,,,,,,,requiere_decision,sin evidencia suficiente para clasificar,generadores_deportivos,way:241676035,"{'leisure': 'pitch', 'name': 'Rugby', 'sport': 'rugby_league'}",-31.4128677,-64.2161067,generador
Golf Lomas de las Carolinas,dudoso,,,,,,,,,requiere_decision,sin evidencia suficiente para clasificar,generadores_deportivos,way:258836463,"{'leisure': 'golf_course', 'name': 'Golf Lomas de las Carolinas', 'sport': 'golf'}",-31.3564128,-64.3056342,generador
Cancha Auxiliar,dudoso,,,,,,,,,requiere_decision,sin evidencia suficiente para clasificar,generadores_deportivos,way:267933636,"{'leisure': 'pitch', 'name': 'Cancha Auxiliar', 'sport': 'soccer', 'surface': 'artificial_turf'}",-31.3685553,-64.248196,generador
Pista de Skate,dudoso,,,,,,,,,requiere_decision,sin evidencia suficiente para clasificar,generadores_deportivos,way:342607757,"{'leisure': 'pitch', 'name': 'Pista de Skate', 'sport': 'skateboard'}",-31.4292197,-64.1755981,generador
Cancha Mark Twain,dudoso,,,,,,,,,requiere_decision,sin evidencia suficiente para clasificar,generadores_deportivos,way:369588786,"{'leisure': 'pitch', 'name': 'Cancha Mark Twain', 'sport': 'soccer'}",-31.3884217,-64.2657376,generador
BMX,dudoso,,,,,,,,,requiere_decision,sin evidencia suficiente para clasificar,generadores_deportivos,way:386333996,"{'area': 'yes', 'leisure': 'track', 'name': 'BMX', 'sport': 'cycling', 'surface': 'concrete'}",-31.3736832,-64.2456557,generador
Punto Cerrito 14,dudoso,,,,,,"Eugenio Pizzolatto 6915, Córdoba",,,requiere_decision,sin evidencia suficiente para clasificar,generadores_deportivos,way:450672174,"{'addr:city': 'Córdoba', 'addr:housenumber': '6915', 'addr:postcode': '5022', 'addr:street': 'Eugenio Pizzolatto', 'leisure': 'pitch', 'lit': 'yes', 'name': 'Punto Cerrito 14', 'sport': 'soccer', 'surface': 'grass'}",-31.3221528,-64.2567433,generador
Potrero,dudoso,,,,,,,,,requiere_decision,sin evidencia suficiente para clasificar,generadores_deportivos,way:450672673,"{'leisure': 'pitch', 'name': 'Potrero', 'sport': 'soccer'}",-31.3179844,-64.2529838,generador
Natatorio Olímpico Georgina Bardach,dudoso,,,,,,,,,requiere_decision,sin evidencia suficiente para clasificar,generadores_deportivos,way:511800540,"{'covered': 'no', 'leisure': 'swimming_pool', 'name': 'Natatorio Olímpico Georgina Bardach', 'sport': 'swimming'}",-31.3679453,-64.2478359,generador
Cancha de Basquet B° Kennedy,dudoso,,,,,,,,,requiere_decision,sin evidencia suficiente para clasificar,generadores_deportivos,way:702096279,"{'access': 'yes', 'covered': 'no', 'fee': 'no', 'hoops': '2', 'indoor': 'no', 'leisure': 'pitch', 'lit': 'yes', 'name': 'Cancha de Basquet B° Kennedy', 'sport': 'basketball', 'surface': 'concrete'}",-31.4585127,-64.1906475,generador
Street Plaza,dudoso,,,,,,,,,requiere_decision,sin evidencia suficiente para clasificar,generadores_deportivos,way:863847796,"{'leisure': 'pitch', 'name': 'Street Plaza', 'sport': 'skateboard'}",-31.3632113,-64.2431568,generador
Mountain Bike,dudoso,,,,,,,,,requiere_decision,sin evidencia suficiente para clasificar,generadores_deportivos,way:863847798,"{'foot': 'no', 'leisure': 'track', 'name': 'Mountain Bike', 'sport': 'cycling'}",-31.3630794,-64.2423051,generador
Trial Park,dudoso,,,,,,,,,requiere_decision,sin evidencia suficiente para clasificar,generadores_deportivos,way:863847801,"{'area': 'yes', 'highway': 'raceway', 'name': 'Trial Park', 'sport': 'motocross'}",-31.3636709,-64.2419919,generador
Pump Truck,dudoso,,,,,,,,,requiere_decision,sin evidencia suficiente para clasificar,generadores_deportivos,way:863847802,"{'area': 'yes', 'leisure': 'track', 'name': 'Pump Truck', 'sport': 'cycling'}",-31.3638898,-64.242342,generador
BMX Race,dudoso,,,,,,,,,requiere_decision,sin evidencia suficiente para clasificar,generadores_deportivos,way:863847803,"{'area': 'yes', 'leisure': 'track', 'name': 'BMX Race', 'sport': 'cycling'}",-31.3642416,-64.2418541,generador
Dirt Jump,dudoso,,,,,,,,,requiere_decision,sin evidencia suficiente para clasificar,generadores_deportivos,way:863847804,"{'area': 'yes', 'leisure': 'track', 'name': 'Dirt Jump', 'sport': 'cycling'}",-31.3646603,-64.2409836,generador
Área de Equinoterapia,dudoso,,,,,,,,,requiere_decision,sin evidencia suficiente para clasificar,generadores_deportivos,way:863847805,"{'leisure': 'pitch', 'name': 'Área de Equinoterapia', 'sport': 'equestrian'}",-31.3655456,-64.2431705,generador
BMX Freestyle Park,dudoso,,,,,,,,,requiere_decision,sin evidencia suficiente para clasificar,generadores_deportivos,way:863847807,"{'area': 'yes', 'leisure': 'track', 'name': 'BMX Freestyle Park', 'sport': 'cycling'}",-31.3649805,-64.2416489,generador
Pista Azul,dudoso,,,,,,,,,requiere_decision,sin evidencia suficiente para clasificar,generadores_deportivos,way:863847810,"{'leisure': 'pitch', 'name': 'Pista Azul', 'sport': 'skateboard'}",-31.3714425,-64.2442081,generador
Cancha de básquet,dudoso,,,,,,,,,requiere_decision,sin evidencia suficiente para clasificar,generadores_deportivos,way:993201629,"{'leisure': 'pitch', 'name': 'Cancha de básquet', 'sport': 'basketball'}",-31.3404476,-64.2551354,generador
Cancha de Fútbol La Carbonada;Cancha Tinglado de las 4 Esquinas - La Carbonada,dudoso,,,,,,,,,requiere_decision,sin evidencia suficiente para clasificar,generadores_deportivos,way:1008886797,"{'access': 'customers;permissive', 'leisure': 'pitch', 'lit': 'no', 'name': 'Cancha de Fútbol La Carbonada;Cancha Tinglado de las 4 Esquinas - La Carbonada', 'name:en': 'Football Field ""4 Corners\' Shed"" - La Carbonada', 'name:it': 'Campo di Calcio ""Campannone dei 4 Angoli"" - La Carbonada', 'sport': 'soccer', 'surface': 'grass'}",-31.5143782,-64.0755414,generador
Cancha Del Guano,dudoso,,,,,,,,,requiere_decision,sin evidencia suficiente para clasificar,generadores_deportivos,way:1145540071,"{'leisure': 'pitch', 'name': 'Cancha Del Guano', 'sport': 'soccer'}",-31.3152888,-64.3029955,generador
Pan de Azucar,dudoso,,,,,,,,,requiere_decision,sin evidencia suficiente para clasificar,generadores_deportivos,way:1170370903,"{'access': 'yes', 'leisure': 'pitch', 'lit': 'yes', 'name': 'Pan de Azucar', 'sport': 'soccer', 'surface': 'dirt'}",-31.3032318,-64.2727464,generador
Cancha Barrial,dudoso,,,,,,,,,requiere_decision,sin evidencia suficiente para clasificar,generadores_deportivos,way:1180993188,"{'leisure': 'pitch', 'name': 'Cancha Barrial', 'sport': 'soccer'}",-31.4313175,-64.2525846,generador
Cancha,dudoso,,,,,,,,,requiere_decision,sin evidencia suficiente para clasificar,generadores_deportivos,way:1186103344,"{'leisure': 'pitch', 'name': 'Cancha', 'sport': 'soccer'}",-31.4311172,-64.2187186,generador
Arena de Práctica,dudoso,,,,,,,,,requiere_decision,sin evidencia suficiente para clasificar,generadores_deportivos,way:1267562167,"{'leisure': 'pitch', 'name': 'Arena de Práctica', 'sport': 'equestrian'}",-31.3568751,-64.2946072,generador
Corral,dudoso,,,,,,,,,requiere_decision,sin evidencia suficiente para clasificar,generadores_deportivos,way:1290371218,"{'leisure': 'pitch', 'name': 'Corral', 'sport': 'equestrian'}",-31.3571738,-64.294536,generador
"Centro Deportivo, Recreativo y Social Bº Ampliación Marco Sastre",dudoso,,,,,,,,,requiere_decision,sin evidencia suficiente para clasificar,generadores_deportivos,way:1296429693,"{'building': 'roof', 'leisure': 'pitch', 'name': 'Centro Deportivo, Recreativo y Social Bº Ampliación Marco Sastre', 'sport': 'multi'}",-31.4473608,-64.1515141,generador
Cancha de fútbol,dudoso,,,,,,,,,requiere_decision,sin evidencia suficiente para clasificar,generadores_deportivos,way:1320746975,"{'leisure': 'pitch', 'name': 'Cancha de fútbol', 'sport': 'soccer'}",-31.3390906,-64.2581636,generador
Fútbol Freestyle,dudoso,,,,,,,,,requiere_decision,sin evidencia suficiente para clasificar,generadores_deportivos,way:1320746990,"{'leisure': 'pitch', 'name': 'Fútbol Freestyle', 'sport': 'soccer'}",-31.3716059,-64.2439274,generador
Canchas de Fútbol Grande,dudoso,,,,,,,,,requiere_decision,sin evidencia suficiente para clasificar,generadores_deportivos,way:1327775613,"{'access': 'permit', 'leisure': 'pitch', 'lit': 'yes', 'name': 'Canchas de Fútbol Grande', 'sport': 'soccer', 'surface': 'grass'}",-31.3507789,-64.291344,generador
Canchas Del Negro Claudio,dudoso,,,,,,,,,requiere_decision,sin evidencia suficiente para clasificar,generadores_deportivos,way:1467140481,"{'access': 'customers', 'leisure': 'pitch', 'lit': 'yes', 'name': 'Canchas Del Negro Claudio', 'sport': 'soccer'}",-31.3660702,-64.1832769,generador
Hipódromo Córdoba,dudoso,,,,,,,,,requiere_decision,sin evidencia suficiente para clasificar,generadores_deportivos,relation:8941325,"{'leisure': 'track', 'name': 'Hipódromo Córdoba', 'sport': 'horse_racing', 'type': 'multipolygon'}",-31.4530878,-64.1814405,generador
Pista de Atletismo,dudoso,,,,,,,,,requiere_decision,sin evidencia suficiente para clasificar,generadores_deportivos,relation:13972082,"{'athletics': 'running', 'lanes': '8', 'leisure': 'track', 'name': 'Pista de Atletismo', 'sport': 'athletics', 'type': 'multipolygon'}",-31.3662379,-64.2457035,generador
Pista Valerio Vallania,dudoso,,,,,,,,,requiere_decision,sin evidencia suficiente para clasificar,generadores_deportivos,relation:14994305,"{'colour': '#fc6040', 'lanes': '8', 'leisure': 'track', 'name': 'Pista Valerio Vallania', 'sport': 'running', 'type': 'multipolygon'}",-31.3689245,-64.2461699,generador
colegio Vergonjeanne,dudoso,,,,,,,,,requiere_decision,sin evidencia suficiente para clasificar,generadores_colegios,node:14086511666,"{'bus': 'yes', 'highway': 'bus_stop', 'name': 'colegio Vergonjeanne', 'public_transport': 'platform'}",-31.306068,-64.2847048,generador
María Pía Gym,dudoso,,,,,,,,,requiere_decision,sin evidencia suficiente para clasificar,generadores_clubes,node:3279552571,"{'leisure': 'sports_centre', 'name': 'María Pía Gym'}",-31.2994477,-64.2850267,generador
Polideportivo Corral de Palos,dudoso,,,,,,"Ernesto Enrique Guastoni 3498, Córdoba",,,requiere_decision,instalación deportiva: falta evidencia de organización generadora,generadores_clubes,node:4096433529,"{'addr:city': 'Córdoba', 'addr:housename': 'Polideportivo Corral de Palos', 'addr:housenumber': '3498', 'addr:postcode': '5014', 'addr:street': 'Ernesto Enrique Guastoni', 'building': 'public', 'designation': 'Polideportivo', 'leisure': 'sports_centre', 'name': 'Polideportivo Corral de Palos'}",-31.4394202,-64.1411236,generador
Polideportivo UTN,dudoso,,,,,,,,,requiere_decision,instalación deportiva: falta evidencia de organización generadora,generadores_clubes,node:6104758567,"{'leisure': 'sports_centre', 'name': 'Polideportivo UTN'}",-31.490275,-64.2514334,generador
Don Tito,dudoso,,,,,,"De las Cortaderas, Córdoba",,,requiere_decision,sin evidencia suficiente para clasificar,generadores_clubes,node:11126553100,"{'addr:city': 'Córdoba', 'addr:street': 'De las Cortaderas', 'contact:facebook': 'https://www.facebook.com/complejodontino/', 'leisure': 'sports_centre', 'name': 'Don Tito'}",-31.3683082,-64.1200039,generador
Campo de Deportes La Salle,dudoso,,,,,,,,,requiere_decision,sin evidencia suficiente para clasificar,generadores_clubes,way:239154835,"{'leisure': 'sports_centre', 'name': 'Campo de Deportes La Salle', 'wheelchair': 'limited'}",-31.3548226,-64.2626468,generador
Espacio Quality,dudoso,,,,,,,,,requiere_decision,sin evidencia suficiente para clasificar,generadores_clubes,way:248393806,"{'leisure': 'sports_centre', 'name': 'Espacio Quality'}",-31.4446777,-64.1953359,generador
Les Courts,dudoso,,,,,,,,,requiere_decision,sin evidencia suficiente para clasificar,generadores_clubes,way:673760307,"{'leisure': 'sports_centre', 'name': 'Les Courts'}",-31.3609205,-64.246639,generador
El Potrero,dudoso,,,,,,,,,requiere_decision,sin evidencia suficiente para clasificar,generadores_clubes,way:686996034,"{'leisure': 'sports_centre', 'name': 'El Potrero'}",-31.3497996,-64.2348744,generador
Centro Deportivo Talleres Oeste,dudoso,,,,,,,,,requiere_decision,sin evidencia suficiente para clasificar,generadores_clubes,way:1038125232,"{'leisure': 'sports_centre', 'name': 'Centro Deportivo Talleres Oeste'}",-31.3897998,-64.1548967,generador
Parque Educativo Norte,dudoso,,,,,,,,,requiere_decision,sin evidencia suficiente para clasificar,generadores_clubes,way:1066234480,"{'leisure': 'sports_centre', 'name': 'Parque Educativo Norte'}",-31.3723376,-64.1923833,generador
Direccion de Deporte y Recreacion Municipal,dudoso,,,,,,,,,requiere_decision,sin evidencia suficiente para clasificar,generadores_clubes,way:1136051817,"{'leisure': 'sports_centre', 'name': 'Direccion de Deporte y Recreacion Municipal'}",-31.3121984,-64.299447,generador
Polideportivo Saldan,dudoso,,,,,,,,,requiere_decision,instalación deportiva: falta evidencia de organización generadora,generadores_clubes,way:1144114334,"{'leisure': 'sports_centre', 'name': 'Polideportivo Saldan'}",-31.3134463,-64.305607,generador
Elenia Sports,dudoso,,,,,+54 351 875 5555,"Avenida Colón 5852, Córdoba",https://www.instagram.com/eleniasports/,,requiere_decision,sin evidencia suficiente para clasificar,generadores_clubes,way:1182317772,"{'addr:city': 'Córdoba', 'addr:housenumber': '5852', 'addr:street': 'Avenida Colón', 'leisure': 'sports_centre', 'name': 'Elenia Sports', 'phone': '+54 351 875 5555', 'website': 'https://www.instagram.com/eleniasports/'}",-31.3931408,-64.2576209,generador
Polideportivo social parque república,dudoso,,,,,,,,,requiere_decision,instalación deportiva: falta evidencia de organización generadora,generadores_clubes,way:1240935980,"{'leisure': 'sports_centre', 'name': 'Polideportivo social parque república'}",-31.4160007,-64.2583922,generador
Macabi Noar,dudoso,,,,,,"Duarte Quirós, Córdoba",https://macabinoar.com.ar/,,requiere_decision,sin evidencia suficiente para clasificar,generadores_clubes,way:1336575220,"{'addr:city': 'Córdoba', 'addr:street': 'Duarte Quirós', 'leisure': 'sports_centre', 'name': 'Macabi Noar', 'website': 'https://macabinoar.com.ar/'}",-31.4011804,-64.2460753,generador
Complejo Deportivo ATACC,dudoso,,,,,,,,,requiere_decision,sin evidencia suficiente para clasificar,generadores_clubes,way:1384474892,"{'leisure': 'sports_centre', 'name': 'Complejo Deportivo ATACC'}",-31.4808316,-64.1244036,generador
Atalaya,dudoso,,,,,,,,,requiere_decision,sin evidencia suficiente para clasificar,generadores_clubes,way:1426464923,"{'leisure': 'sports_centre', 'name': 'Atalaya'}",-31.3386886,-64.2538123,generador
Complejo AOITA,dudoso,,,,,,,,,requiere_decision,sin evidencia suficiente para clasificar,generadores_clubes,way:1451358421,"{'leisure': 'sports_centre', 'name': 'Complejo AOITA'}",-31.4886751,-64.2522043,generador
Polideportivo De Villa union,dudoso,,,,,,,,,requiere_decision,instalación deportiva: falta evidencia de organización generadora,generadores_clubes,way:1459124155,"{'leisure': 'sports_centre', 'name': 'Polideportivo De Villa union'}",-31.428012,-64.2702929,generador
Torneo Pro Cordoba,dudoso,,,,,,,,,requiere_decision,sin evidencia suficiente para clasificar,generadores_clubes,way:1460161811,"{'leisure': 'sports_centre', 'name': 'Torneo Pro Cordoba'}",-31.3631346,-64.1250763,generador
Predio Armando Pérez,dudoso,,,,,,,https://www.belgranocordoba.com/,,requiere_decision,sin evidencia suficiente para clasificar,generadores_clubes,way:1460161812,"{'leisure': 'sports_centre', 'name': 'Predio Armando Pérez', 'official_name': 'Predio Armando Pérez (Belgrano)', 'website': 'https://www.belgranocordoba.com/'}",-31.3604978,-64.1249468,generador
La Sagrada,dudoso,,,,,,,,,requiere_decision,sin evidencia suficiente para clasificar,generadores_clubes,way:1462578316,"{'leisure': 'sports_centre', 'name': 'La Sagrada'}",-31.3900623,-64.2317739,generador
La Sede,dudoso,,,,,,Avenida Enrique Bodereau 9049,https://www.instagram.com/lasede.complejodeportivo/?hl=es,,requiere_decision,sin evidencia suficiente para clasificar,generadores_clubes,way:1463174215,"{'addr:housenumber': '9049', 'addr:street': 'Avenida Enrique Bodereau', 'leisure': 'sports_centre', 'name': 'La Sede', 'website': 'https://www.instagram.com/lasede.complejodeportivo/?hl=es'}",-31.3176565,-64.2887077,generador
Los Monos,comercio,,,,,+543512357107,Avenida Goycoechea 316,www.cristiancabanillas,,no_contactable_publicamente,OSM: etiqueta shop,comercios_email,node:4247757189,"{'addr:housenumber': '316', 'addr:postcode': '5105', 'addr:street': 'Avenida Goycoechea', 'email': 'cristiancabanillas@hotmail.com;Losmonos316@hotmail.com', 'internet_access': 'wlan', 'name': 'Los Monos', 'name:en': 'Monkey', 'opening_hours': 'Mo-Su 07:00-22:30; Mo-Th 07:30-10:00; Fr-Su 09:00-02:00', 'phone': '+543512357107', 'shop': 'confectionery', 'website': 'www.cristiancabanillas'}",-31.2959415,-64.2954494,comercio
Rockería Trashed,comercio,,,,,+573463409865,"Boulevard Chacabuco 150, Córdoba",https://www.facebook.com/rockeriatrashed,,no_contactable_publicamente,OSM: etiqueta shop,comercios_shop,node:2828258273,"{'addr:city': 'Córdoba', 'addr:housenumber': '150', 'addr:postcode': '5000', 'addr:street': 'Boulevard Chacabuco', 'description': 'Regalaría. Venta de ropa, accesorios, novedades del Rock. Para todas las edades y gustos!', 'name': 'Rockería Trashed', 'phone': '+573463409865', 'shop': 'gift', 'website': 'https://www.facebook.com/rockeriatrashed'}",-31.4185301,-64.1809443,comercio
Reset Argentina,comercio,,,,,0351 46906900,"Avenida Julio A. Roca 738, Córdoba",https://resetargentina.com.ar/,,no_contactable_publicamente,OSM: etiqueta shop,comercios_shop,node:3426059805,"{'addr:city': 'Córdoba', 'addr:housenumber': '738', 'addr:street': 'Avenida Julio A. Roca', 'name': 'Reset Argentina', 'phone': '0351 46906900', 'shop': 'electronics', 'website': 'https://resetargentina.com.ar/'}",-31.428586,-64.2018921,comercio
Maxikiosco Tortuga,comercio,,,,,+54 351 344 3200,Avenida Juan Vucetich 6305,http://www.facebook.com/maxikioscotortuga,,no_contactable_publicamente,OSM: etiqueta shop,comercios_shop,node:4403514210,"{'addr:housenumber': '6305', 'addr:street': 'Avenida Juan Vucetich', 'name': 'Maxikiosco Tortuga', 'phone': '+54 351 344 3200', 'shop': 'kiosk', 'website': 'http://www.facebook.com/maxikioscotortuga'}",-31.4649112,-64.0993956,comercio
Cooperativa de Servicios,generador,,,,,,,,,no_contactable_publicamente,"organización con afiliados, asociados o beneficiarios",comercios_shop,node:4549744690,"{'name': 'Cooperativa de Servicios', 'name:es': 'Cooperativa de Servicios', 'office': 'yes'}",-31.2946356,-64.2988395,comercio
Centro Vecinal Marcelo T. De alvear,generador,,,,,,,,,no_contactable_publicamente,organización social con comunidad de miembros,comercios_shop,node:4888705932,"{'name': 'Centro Vecinal Marcelo T. De alvear', 'office': 'association'}",-31.3671842,-64.1725199,comercio
A.MU.P.T.R.A. Asociación Mutual de Propietarios de Talleres de Reparación de Automotores,generador,,,,,+54 351 480 1139,"Italia 2472, Córdoba",,,no_contactable_publicamente,"organización con afiliados, asociados o beneficiarios",comercios_shop,node:5536777869,"{'addr:city': 'Córdoba', 'addr:housenumber': '2472', 'addr:street': 'Italia', 'name': 'A.MU.P.T.R.A. Asociación Mutual de Propietarios de Talleres de Reparación de Automotores', 'office': 'association', 'opening_hours': 'Mo-Fr 09:00-18:45', 'phone': '0351 480-1139'}",-31.3867835,-64.2116705,comercio
SUTEP Sindicato Espect. públicos,generador,,,,,,Achával Rodríguez,,,no_contactable_publicamente,"organización con afiliados, asociados o beneficiarios",comercios_shop,node:5606121221,"{'addr:street': 'Achával Rodríguez', 'name': 'SUTEP Sindicato Espect. públicos', 'office': 'company'}",-31.4244598,-64.1912236,comercio
Fundación Despegar,generador,,,,,,27 de Abril 991,www.despegar.org.ar,,no_contactable_publicamente,"organización con afiliados, asociados o beneficiarios",comercios_shop,node:5941756662,"{'addr:housenumber': '991', 'addr:street': '27 de Abril', 'name': 'Fundación Despegar', 'office': 'foundation', 'website': 'www.despegar.org.ar'}",-31.4134578,-64.1977249,comercio
Semacor - Mutual de SubOficiales del Ejercito,generador,,,,,,,,,no_contactable_publicamente,"organización con afiliados, asociados o beneficiarios",comercios_shop,node:7067931589,"{'name': 'Semacor - Mutual de SubOficiales del Ejercito', 'office': 'yes'}",-31.4020039,-64.2154606,comercio
Zona de Cactus,comercio,,,,,+54 351 352 6373,"Luis Pasteur 2683, Córdoba",https://zonadecactus.com.ar/,,no_contactable_publicamente,OSM: etiqueta shop,comercios_shop,node:8848506157,"{'addr:city': 'Córdoba', 'addr:housenumber': '2683', 'addr:postcode': '5000', 'addr:street': 'Luis Pasteur', 'contact:facebook': 'https://www.facebook.com/zonadecactus/', 'name': 'Zona de Cactus', 'phone': '+54 351 352 6373', 'shop': 'florist', 'website': 'https://zonadecactus.com.ar/'}",-31.4396326,-64.2392779,comercio
Top Ten 10,comercio,,,,,+54 351 521 6278,Corrientes 225,https://topten10cba.mitiendanube.com/,,no_contactable_publicamente,OSM: etiqueta shop,comercios_shop,node:9442035699,"{'addr:housenumber': '225', 'addr:street': 'Corrientes', 'name': 'Top Ten 10', 'opening_hours': 'Mo-Fr 09:00-18:00; Sa 09:00-14:00', 'phone': '+54 351 521 6278', 'shop': 'clothes', 'website': 'https://topten10cba.mitiendanube.com/'}",-31.4202156,-64.1823502,comercio
LIZI,comercio,,,,,+54 351 591 2812,Corrientes 215,https://www.instagram.com/lizi.cba,,no_contactable_publicamente,OSM: etiqueta shop,comercios_shop,node:9442046343,"{'addr:housenumber': '215', 'addr:street': 'Corrientes', 'name': 'LIZI', 'opening_hours': 'Mo-Fr 09:00-18:00; Sa 09:00-14:00', 'phone': '+54 351 591 2812', 'shop': 'clothes', 'website': 'https://www.instagram.com/lizi.cba'}",-31.4201889,-64.1824417,comercio
BORO CASA GOURMET,comercio,,,,,+54 351 624 5741,Félix Frías 134,WWW.BORO.COM.AR,,no_contactable_publicamente,OSM: etiqueta shop,comercios_shop,node:9777917449,"{'addr:housenumber': '134', 'addr:street': 'Félix Frías', 'name': 'BORO CASA GOURMET', 'opening_hours': 'Mo-Sa 10:00-13:30, 17:00-21:00', 'payment:american_express': 'yes', 'payment:cash': 'yes', 'payment:credit_cards': 'yes', 'payment:debit_cards': 'yes', 'payment:maestro': 'yes', 'payment:mastercard': 'yes', 'phone': '+54 351 624 5741', 'shop': 'supermarket', 'website': 'WWW.BORO.COM.AR'}",-31.4152217,-64.1693273,comercio
Brüder Amoblamientos,comercio,,,,,+54 351 6993810,"Coronel Agustin Olmedo 1553, Córdoba",http://wwww.brudervanguardia.com.ar/,,no_contactable_publicamente,OSM: etiqueta shop,comercios_shop,node:10023019810,"{'addr:city': 'Córdoba', 'addr:housenumber': '1553', 'addr:postcode': '5001', 'addr:street': 'Coronel Agustin Olmedo', 'contact:facebook': 'https://www.facebook.com/BruderMobiliario/', 'contact:instagram': 'https://www.instagram.com/bruderamoblamientos/', 'name': 'Brüder Amoblamientos', 'phone': '+54 351 6993810', 'shop': 'furniture', 'website': 'http://wwww.brudervanguardia.com.ar/'}",-31.3951513,-64.1929568,comercio
Guay Buby,comercio,,,,,+5493512199756,"Avenida Colón 5034, Córdoba",https://guaybuby.com/10-juguetes-,,no_contactable_publicamente,OSM: etiqueta shop,comercios_shop,node:10103183009,"{'addr:city': 'Córdoba', 'addr:housenumber': '5034', 'addr:postcode': '5003', 'addr:street': 'Avenida Colón', 'name': 'Guay Buby', 'opening_hours': 'Mo-Su 09:30-19:30', 'payment:cash': 'yes', 'payment:debit_cards': 'yes', 'payment:mastercard': 'yes', 'payment:visa': 'yes', 'phone': '+5493512199756', 'shop': 'interior_decoration', 'website': 'https://guaybuby.com/10-juguetes-', 'wheelchair': 'yes'}",-31.3959975,-64.2474044,comercio
Ruben Libros,comercio,,,,,+54 9 351 755 0085,"Deán Funes 163, Córdoba",web.facebook.com/RubenLibros/,,no_contactable_publicamente,OSM: etiqueta shop,comercios_shop,node:10697961187,"{'addr:city': 'Córdoba', 'addr:housenumber': '163', 'addr:postcode': '5000', 'addr:street': 'Deán Funes', 'description': 'Deán Funes 163. Local 1 y 2. Paseo Santa Catalina.', 'name': 'Ruben Libros', 'phone': '+54 9 351 755 0085', 'shop': 'books', 'website': 'web.facebook.com/RubenLibros/'}",-31.4155396,-64.1862794,comercio
Afema S.A,comercio,,,,,+54 351 737 1862,"Amalia Celia Figueredo de Pietra 1537, Córdoba",https://www.afema.com.ar/,,no_contactable_publicamente,OSM: oficina comercial/profesional,comercios_shop,node:11096984087,"{'addr:city': 'Córdoba', 'addr:housenumber': '1537', 'addr:postcode': '5012', 'addr:street': 'Amalia Celia Figueredo de Pietra', 'name': 'Afema S.A', 'office': 'company', 'opening_hours': 'Mo-Fr 08:00-17:00', 'phone': '+54 351 737 1862', 'website': 'https://www.afema.com.ar/'}",-31.3418772,-64.1501335,comercio
Jockey Club,generador,,,,,,,,,no_contactable_publicamente,club/institución deportiva con comunidad de miembros,comercios_shop,node:11338994549,"{'name': 'Jockey Club', 'office': 'company'}",-31.4130733,-64.1860156,comercio
POLO 52 Parque Industrial,comercio,,,,,+54 351 564 2685,Pilar a 500 mts,https://polo52.com.ar/,,no_contactable_publicamente,OSM: etiqueta shop,comercios_shop,node:12539294501,"{'addr:housenumber': 'Pilar a 500 mts', 'addr:postcode': '5100', 'name': 'POLO 52 Parque Industrial', 'opening_hours': 'Su-Fr 08:30-19:00', 'phone': '+54 351 564 2685', 'shop': 'variety_store', 'website': 'https://polo52.com.ar/'}",-31.4215335,-64.1026884,comercio
Orvema Tostadores,comercio,,,,,+54 9 351 632-9160,"Avenida Cornelio Saavedra 593, Córdoba",https://www.instagram.com/orvemacafe/,,no_contactable_publicamente,OSM: etiqueta shop,comercios_shop,node:12866727414,"{'addr:city': 'Córdoba', 'addr:housenumber': '593', 'addr:postcode': 'X5008', 'addr:street': 'Avenida Cornelio Saavedra', 'currency:XBT': 'yes', 'name': 'Orvema Tostadores', 'opening_hours': 'Mo-Sa 09:00-13:00, Mo-Fr 16:00-19:00', 'payment:cash': 'yes', 'payment:contactless': 'yes', 'payment:debit_cards': 'yes', 'payment:lightning': 'yes', 'phone': '+54 9 351 632-9160', 'shop': 'coffee', 'website': 'https://www.instagram.com/orvemacafe/'}",-31.3853555,-64.1963818,comercio
Carrefour Express,comercio,,,,,08004448484,"Ituzaingó 921, Córdoba",https://express.carrefour.com.ar/,,no_contactable_publicamente,OSM: etiqueta shop,comercios_shop,node:12944004704,"{'addr:city': 'Córdoba', 'addr:housenumber': '921', 'addr:postcode': 'X5000', 'addr:street': 'Ituzaingó', 'brand': 'Carrefour Express', 'brand:wikidata': 'Q2940190', 'name': 'Carrefour Express', 'opening_hours': 'Mo-Su 07:00-22:00', 'phone': '08004448484', 'shop': 'convenience', 'website': 'https://express.carrefour.com.ar/'}",-31.4277664,-64.185965,comercio
EL MERCADILLO [Ituzaingó],comercio,,,,,+54 351 528 3696,"Ituzaingó 962, Córdoba",https://www.instagram.com/elmercadillocba,,no_contactable_publicamente,OSM: etiqueta shop,comercios_shop,node:12944004705,"{'addr:city': 'Córdoba', 'addr:housenumber': '962', 'addr:postcode': 'X5000', 'addr:street': 'Ituzaingó', 'name': 'EL MERCADILLO [Ituzaingó]', 'organic': 'yes', 'payment:cards': 'yes', 'payment:cash': 'yes', 'payment:credit_cards': 'yes', 'payment:debit_cards': 'yes', 'phone': '+54 351 528 3696', 'shop': 'greengrocer', 'website': 'https://www.instagram.com/elmercadillocba'}",-31.4277991,-64.1860546,comercio
Mis Chiches Jugueteria y Libreria,comercio,,,,,+54 351 468 2618,"Independencia 1101, Córdoba",https://mischiches.mercadoshops.com.ar/,,no_contactable_publicamente,OSM: etiqueta shop,comercios_shop,node:12959647970,"{'addr:city': 'Córdoba', 'addr:housenumber': '1101', 'addr:postcode': 'X5000IUW', 'addr:street': 'Independencia', 'name': 'Mis Chiches Jugueteria y Libreria', 'opening_hours': 'Mo-Fr 09:30-13:30,16:00-20:00; Sa 09:30-13:30,16:30-19:39', 'payment:cash': 'yes', 'payment:credit_cards': 'yes', 'payment:debit_cards': 'yes', 'phone': '+54 351 468 2618', 'shop': 'toys', 'website': 'https://mischiches.mercadoshops.com.ar/'}",-31.4286251,-64.1893184,comercio
Carniceria La Entrañita,comercio,,,,,+54 9 0351 15 755-5740,"Avenida Ambrosio Olmos 1036, Córdoba",laentranita.com,,no_contactable_publicamente,OSM: etiqueta shop,comercios_shop,node:13097261518,"{'addr:city': 'Córdoba', 'addr:housenumber': '1036', 'addr:postcode': 'X5000', 'addr:street': 'Avenida Ambrosio Olmos', 'name': 'Carniceria La Entrañita', 'opening_hours': 'Mo-Sa 10:00-15:00, 17:00-22:00; Su 11:00-14:00, 18:00-22:00', 'payment:cash': 'yes', 'payment:contactless': 'yes', 'payment:credit_cards': 'yes', 'payment:debit_cards': 'yes', 'phone': '+54 9 0351 15 755-5740', 'shop': 'butcher', 'website': 'laentranita.com'}",-31.4319681,-64.1924147,comercio
Sindicato de Camioneros,generador,,,,,,Avenida José Manuel Estrada 107,,,no_contactable_publicamente,"organización con afiliados, asociados o beneficiarios",comercios_shop,node:13127987757,"{'addr:housenumber': '107', 'addr:street': 'Avenida José Manuel Estrada', 'check_date': '2025-09-08', 'name': 'Sindicato de Camioneros', 'office': 'union', 'opening_hours': 'Mo-Fr 08:15-17:00'}",-31.4276734,-64.1871832,comercio
Duo0 Limpieza,comercio,,,,,+54 351 819 0145,Córdoba,https://duo0.co/,,no_contactable_publicamente,OSM: etiqueta craft,comercios_shop,node:13928697043,"{'addr:city': 'Córdoba', 'craft': 'cleaning', 'name': 'Duo0 Limpieza', 'opening_hours': 'Mo-Sa 08:00-19:00', 'operator': 'Duo0', 'phone': '+54 351 819 0145', 'website': 'https://duo0.co/'}",-31.4167093,-64.1839984,comercio
Córdoba Suspensión,comercio,,,,,+54 351 489 5997,"Avenida Colón 2661, Córdoba",https://www.cordobasuspension.com.ar/,,no_contactable_publicamente,OSM: etiqueta shop,comercios_shop,node:13995248551,"{'addr:city': 'Córdoba', 'addr:housenumber': '2661', 'addr:postcode': 'X5003', 'addr:street': 'Avenida Colón', 'name': 'Córdoba Suspensión', 'opening_hours': 'Mo-Fr 08:30-12:30,15:00-19:00; Sa 08:30-12:30; PH off', 'phone': '+54 351 489 5997', 'shop': 'car_parts', 'website': 'https://www.cordobasuspension.com.ar/'}",-31.4037173,-64.2167778,comercio
Sindicato Regional de Luz y Fuerza,generador,,,,,,,,,no_contactable_publicamente,"organización con afiliados, asociados o beneficiarios",comercios_shop,node:14070984252,"{'check_date': '2026-07-30', 'name': 'Sindicato Regional de Luz y Fuerza', 'office': 'union', 'panoramax': '5ce1c903-1a13-4391-b14c-3e16906a5871'}",-31.4136986,-64.1907222,comercio
"Sindicato de Trabajadores de Estaciones de Servicio, Playas de Estacionamiento, Garages, Lavanderos, Gomeras y Anexos de La Provincia de Córdoba",generador,,,,,,,,,no_contactable_publicamente,"organización con afiliados, asociados o beneficiarios",comercios_shop,node:14071099248,"{'check_date': '2026-07-30', 'name': 'Sindicato de Trabajadores de Estaciones de Servicio, Playas de Estacionamiento, Garages, Lavanderos, Gomeras y Anexos de La Provincia de Córdoba', 'office': 'union', 'panoramax': '5450f810-ed97-4e6f-b41d-bdd13836c205'}",-31.4095717,-64.1891438,comercio
Swiss Medical,comercio,,,,,+54 9 11 50519982,"Avenida Hipólito Yrigoyen 486, Córdoba",https://www.swissmedical.com.ar,,no_contactable_publicamente,OSM: oficina comercial/profesional,comercios_shop,node:14107360997,"{'addr:city': 'Córdoba', 'addr:housenumber': '486', 'addr:street': 'Avenida Hipólito Yrigoyen', 'branch': 'Sucursal Córdoba', 'insurance': 'health', 'name': 'Swiss Medical', 'office': 'insurance', 'opening_hours': 'Mo-Fr 09:00-17:00; PH off; Sa off; Su off', 'phone': '+54 9 11 50519982', 'website': 'https://www.swissmedical.com.ar'}",-31.4267799,-64.1858765,comercio
Es Fresh,comercio,,,,,+54 9 351 8601823,"Avenida Colón 3080, Córdoba",https://linktr.ee/Esfreshtiendas,,no_contactable_publicamente,OSM: etiqueta shop,comercios_shop,node:14140547718,"{'addr:city': 'Córdoba', 'addr:housenumber': '3080', 'addr:street': 'Avenida Colón', 'contact:instagram': 'supermercadoesfresh', 'name': 'Es Fresh', 'opening_hours': 'Mo-We 08:00-22:30; Th-Sa 08:00-23:00; Su 08:30-22:30; PH 08:30-22:30', 'phone': '+54 9 351 8601823', 'shop': 'supermarket', 'website': 'https://linktr.ee/Esfreshtiendas'}",-31.4019358,-64.2215515,comercio
Centro Municipal de Capacitación de Transporte y Transito,comercio,,,,,+54 351 434 8509,,http://www2.cordoba.gov.ar/portal/index.php/secretaria-de-servicios-publicos/direccion-centro-de-capacitacion-de-transporte-y-transito/,,no_contactable_publicamente,actividad comercial identificable,comercios_shop,way:402211934,"{'building': 'public', 'name': 'Centro Municipal de Capacitación de Transporte y Transito', 'office': 'government', 'phone': '+54 351 434 8509', 'website': 'http://www2.cordoba.gov.ar/portal/index.php/secretaria-de-servicios-publicos/direccion-centro-de-capacitacion-de-transporte-y-transito/'}",-31.4339402,-64.1398498,comercio
Egeo,comercio,,,,,+54 351 414-8080,"Emilio Caraffa 1754, Córdoba",https://www.egeoautomotores.com.ar/,,no_contactable_publicamente,OSM: etiqueta shop,comercios_shop,way:578585989,"{'addr:city': 'Córdoba', 'addr:country': 'AR', 'addr:housenumber': '1754', 'addr:postcode': '5006', 'addr:province': 'Córdoba', 'addr:street': 'Emilio Caraffa', 'brand': 'Nissan', 'building': 'yes', 'building:levels': '2', 'contact:facebook': 'https://www.facebook.com/EgeoNissan/', 'contact:instagram': 'https://www.instagram.com/nissan_egeo/', 'contact:twitter': 'https://www.twitter.com/EgeoNissan/', 'name': 'Egeo', 'opening_hours': 'Mo-Fr 08:00-18:00', 'phone': '+54 351 414-8080', 'roof:levels': '1', 'roof:material': 'metal', 'roof:shape': 'round', 'service': 'dealer', 'shop': 'car_repair', 'website': 'https://www.egeoautomotores.com.ar/'}",-31.390692,-64.2027625,comercio
Ramón Suarez,comercio,,,,,+54 351 485-0504,"Avenida Sagrada Familia 376, Córdoba",https://motoshondaramonsuarez.com.ar/,,no_contactable_publicamente,OSM: etiqueta shop,comercios_shop,way:585483408,"{'addr:city': 'Córdoba', 'addr:country': 'AR', 'addr:housenumber': '376', 'addr:postcode': '5003', 'addr:province': 'Córdoba', 'addr:street': 'Avenida Sagrada Familia', 'brand': 'Honda', 'building': 'yes', 'building:levels': '2', 'contact:facebook': 'https://www.facebook.com/Ramon-Suarez-Motos-206100572886629/', 'contact:instagram': 'https://www.instagram.com/motoshonda_rs/', 'motorcycle:clothes': 'yes', 'motorcycle:repair': 'yes', 'motorcycle:sales': 'yes', 'name': 'Ramón Suarez', 'opening_hours': 'Mo-Fr 09:00-13:00,15:30-19:30; Sa 09:00-13:00', 'phone': '+54 351 485-0504', 'shop': 'motorcycle', 'website': 'https://motoshondaramonsuarez.com.ar/'}",-31.3960216,-64.2343763,comercio
Laprida Hogar,comercio,,,,,+5493513251171,"Av. J. M. de Pueyrredón 1347 1347, Cordoba",https://www.lapridahogar.com.ar/,,no_contactable_publicamente,OSM: etiqueta shop,comercios_shop,way:1222648000,"{'addr:city': 'Cordoba', 'addr:housenumber': '1347', 'addr:postcode': '5000', 'addr:street': 'Av. J. M. de Pueyrredón 1347', 'building': 'commercial', 'name': 'Laprida Hogar', 'opening_hours': 'Mo-Fr 09:00-13:00,16:30-20:30; Sa 09:00-13:00', 'payment:account_cards': 'yes', 'payment:american_express': 'yes', 'payment:cash': 'yes', 'payment:contactless': 'yes', 'payment:credit_cards': 'yes', 'payment:debit_cards': 'yes', 'payment:electronic_purses': 'yes', 'payment:maestro': 'yes', 'payment:mastercard': 'yes', 'payment:mastercard_contactless': 'yes', 'payment:notes': 'yes', 'payment:visa': 'yes', 'payment:visa_debit': 'yes', 'phone': '+5493513251171', 'shop': 'appliance', 'stroller': 'yes', 'website': 'https://www.lapridahogar.com.ar/', 'wheelchair': 'yes'}",-31.4220785,-64.2063921,comercio
Centro Vecinal Mafekin,generador,,,,,,,,,no_contactable_publicamente,organización social con comunidad de miembros,comercios_shop,way:1445307314,"{'building': 'yes', 'building:levels': '1', 'name': 'Centro Vecinal Mafekin', 'office': 'ngo'}",-31.4017294,-64.2569961,comercio
Bongó Club Saldan,generador,,,,,,,,,no_contactable_publicamente,club/institución deportiva con comunidad de miembros,comercios_amenity,node:971058623,"{'amenity': 'pub', 'is_in': 'Saldan, Cordoba', 'name': 'Bongó Club Saldan'}",-31.3071929,-64.3113584,comercio
Oveja Negra,comercio,,,,,+54 351 589 5666,"Avenida Enrique Bodereau 2101, Villa Allende",https://www.facebook.com/OvejaNegraLomos,,no_contactable_publicamente,OSM: servicio/comercio,comercios_amenity,node:2623796428,"{'addr:city': 'Villa Allende', 'addr:housenumber': '2101', 'addr:postcode': '5105', 'addr:street': 'Avenida Enrique Bodereau', 'amenity': 'restaurant', 'description': 'LOMOS - PIZZAS - RABAS - EMPANADAS - FAJITAS y Mas...', 'name': 'Oveja Negra', 'phone': '+54 351 589 5666', 'website': 'https://www.facebook.com/OvejaNegraLomos'}",-31.3061921,-64.288077,comercio
RepensarMe - Consultorio Psicologico,comercio,,,,,+5493513517423,"Tucumán 219, Córdoba",www.facebook.com/Repensarme,,no_contactable_publicamente,OSM: servicio/comercio,comercios_amenity,node:2632681304,"{'addr:city': 'Córdoba', 'addr:housenumber': '219', 'addr:postcode': '5000', 'addr:street': 'Tucumán', 'amenity': 'doctors', 'healthcare': 'doctor', 'name': 'RepensarMe - Consultorio Psicologico', 'phone': '+5493513517423', 'website': 'www.facebook.com/Repensarme', 'wheelchair': 'yes'}",-31.4122721,-64.1869796,comercio
Antares,comercio,,,,,+54 351 424 5785,"San Lorenzo 79, Córdoba",http://www.cervezaantares.com/shops.php?iId=63,,no_contactable_publicamente,OSM: servicio/comercio,comercios_amenity,node:2795401315,"{'addr:city': 'Córdoba', 'addr:housenumber': '79', 'addr:postcode': '5000', 'addr:street': 'San Lorenzo', 'amenity': 'bar', 'description': 'Happy Hour 18:30-20:30', 'name': 'Antares', 'opening_hours': 'Mo-Su 18:30-04:00', 'phone': '+54 351 424 5785', 'source': 'http://www.cervezaantares.com/shops.php?iId=63', 'website': 'http://www.cervezaantares.com/shops.php?iId=63'}",-31.4233695,-64.1861954,comercio
Pronta Pizza,comercio,,,,,+54 351 462 2284,"Avenida Armada Argentina 457, Córdoba",https://www.pizzapronta.com/index.asp,,no_contactable_publicamente,OSM: servicio/comercio,comercios_amenity,node:3039810760,"{'addr:city': 'Córdoba', 'addr:housenumber': '457', 'addr:street': 'Avenida Armada Argentina', 'amenity': 'fast_food', 'cuisine': 'pizza', 'name': 'Pronta Pizza', 'phone': '+54 351 462 2284', 'website': 'https://www.pizzapronta.com/index.asp'}",-31.4549255,-64.2077443,comercio
HEISENBERG – BAR & LAB,comercio,,,,,+54 351 731 8038,"Boulevard Chacabuco 1028, Córdoba",https://heisenbergbar.ar/,,no_contactable_publicamente,OSM: servicio/comercio,comercios_amenity,node:3132221714,"{'addr:city': 'Córdoba', 'addr:housenumber': '1028', 'addr:postcode': 'X5000', 'addr:street': 'Boulevard Chacabuco', 'amenity': 'bar', 'name': 'HEISENBERG – BAR & LAB', 'opening_hours': 'Mo-Su 09:30-02:30', 'phone': '+54 351 731 8038', 'smoking': 'outside', 'website': 'https://heisenbergbar.ar/'}",-31.429339,-64.1853648,comercio
Creambury,comercio,,,,,+54 351 469 3144,"Independencia 998, Córdoba",https://creambury.com.ar/,,no_contactable_publicamente,OSM: servicio/comercio,comercios_amenity,node:3672397032,"{'addr:city': 'Córdoba', 'addr:housenumber': '998', 'addr:postcode': '5000', 'addr:street': 'Independencia', 'amenity': 'cafe', 'cuisine': 'ice_cream;coffee', 'internet_access': 'wlan', 'name': 'Creambury', 'opening_hours': 'Mo-Th 08:00-02:00; Fr 08:00-04:00; Sa-Su 09:00-04:00', 'phone': '+54 351 469 3144', 'smoking': 'outside', 'source': 'http://www.creambury.com.ar/locales.php', 'website': 'https://creambury.com.ar/'}",-31.4274894,-64.1886976,comercio
CLUB- BAR DE VILLA ESQUIU,generador,,,,,,,,,no_contactable_publicamente,club/institución deportiva con comunidad de miembros,comercios_amenity,node:3816374024,"{'amenity': 'bar', 'name': 'CLUB- BAR DE VILLA ESQUIU'}",-31.3677139,-64.109191,comercio
El Club de la milanesa,generador,,,,,,,,,no_contactable_publicamente,club/institución deportiva con comunidad de miembros,comercios_amenity,node:3982803563,"{'amenity': 'restaurant', 'fixme': 'unable to confirm exsistence', 'name': 'El Club de la milanesa', 'note': 'unable to confirm exsistence'}",-31.3602972,-64.2382685,comercio
El Club De La Milanesa,generador,,,,,,Avenida 24 de Septiembre,,,no_contactable_publicamente,club/institución deportiva con comunidad de miembros,comercios_amenity,node:4067952896,"{'addr:street': 'Avenida 24 de Septiembre', 'amenity': 'restaurant', 'capacity': '80', 'cuisine': 'milanesas', 'name': 'El Club De La Milanesa'}",-31.4145968,-64.1689248,comercio
100x100 Lomo,comercio,,,,,+5493513587200,Paraná 467,www.facebook.com/100x100Lomo,,no_contactable_publicamente,OSM: servicio/comercio,comercios_amenity,node:4214374296,"{'addr:housenumber': '467', 'addr:street': 'Paraná', 'amenity': 'restaurant', 'internet_access': 'wlan', 'name': '100x100 Lomo', 'opening_hours': 'Mo-Su 20:00-01:00, We-Mo 12:00-15:00', 'phone': '+5493513587200', 'website': 'www.facebook.com/100x100Lomo'}",-31.4237614,-64.1796893,comercio
Sabores del Perú,comercio,,,,,+543514717520,Jerónimo Luis de Cabrera 1041,https://www.saboresdelperu.com.ar/,,no_contactable_publicamente,OSM: servicio/comercio,comercios_amenity,node:4771393995,"{'addr:housenumber': '1041', 'addr:postcode': 'X5000GVU', 'addr:street': 'Jerónimo Luis de Cabrera', 'amenity': 'restaurant', 'name': 'Sabores del Perú', 'payment:visa': 'yes', 'payment:visa_electron': 'yes', 'phone': '+543514717520', 'website': 'https://www.saboresdelperu.com.ar/'}",-31.3956055,-64.1908033,comercio
Lomitería Popular,comercio,,,,,+54 351 211 4370,"Avenida Hipólito Yrigoyen 584, Córdoba",https://easyorder.com.ar/lomiteria-popular-plaza-espana/,,no_contactable_publicamente,OSM: servicio/comercio,comercios_amenity,node:6283687690,"{'addr:city': 'Córdoba', 'addr:housenumber': '584', 'addr:postcode': 'X5000', 'addr:street': 'Avenida Hipólito Yrigoyen', 'amenity': 'restaurant', 'name': 'Lomitería Popular', 'phone': '+54 351 211 4370', 'website': 'https://easyorder.com.ar/lomiteria-popular-plaza-espana/'}",-31.4282162,-64.1855163,comercio
FUNDACION CAIP CENTRO DE ATENCION INTEGRAL PRIVADO,generador,,,,,,Avenida del Carmen 879,,,no_contactable_publicamente,"organización con afiliados, asociados o beneficiarios",comercios_amenity,node:6636030785,"{'addr:housenumber': '879', 'addr:street': 'Avenida del Carmen', 'amenity': 'clinic', 'healthcare': 'clinic', 'name': 'FUNDACION CAIP CENTRO DE ATENCION INTEGRAL PRIVADO'}",-31.2874557,-64.2956442,comercio
Clinica de la Familia I,comercio,,,,,4251010,"25 de Mayo 881, Córdoba",https://clinicasdelafamilia.com.ar/,,no_contactable_publicamente,OSM: healthcare,comercios_amenity,node:7502315726,"{'addr:city': 'Córdoba', 'addr:full': '25 de Mayo 881', 'addr:housenumber': '881', 'addr:postcode': '5000', 'addr:street': '25 de Mayo', 'amenity': 'hospital', 'healthcare': 'hospital', 'name': 'Clinica de la Familia I', 'operator': 'Privado', 'operator:type': 'private', 'phone': '4251010', 'ref:sisa_codigo': '10140142331007', 'ref:sisa_tipologia': 'ESCIG', 'website': 'https://clinicasdelafamilia.com.ar/'}",-31.4160869,-64.1708579,comercio
Clinica Privada Del Prado,comercio,,,,,+54 351 426 1971,"Deán Funes 1162, Córdoba",https://clinicadelprado.com.ar/,,no_contactable_publicamente,OSM: healthcare,comercios_amenity,node:7516317176,"{'addr:city': 'Córdoba', 'addr:full': 'Deán Funes 1162', 'addr:housenumber': '1162', 'addr:postcode': '5016', 'addr:street': 'Deán Funes', 'amenity': 'hospital', 'healthcare': 'hospital', 'healthcare:speciality': 'general;gynaecology;dermatology;cardiology;surgery', 'name': 'Clinica Privada Del Prado', 'operator': 'Clinica Privada Del Prado S.R.L.', 'operator:type': 'private', 'phone': '+54 351 426 1971', 'ref:sisa_codigo': '10140142331046', 'ref:sisa_tipologia': 'ESCIG', 'website': 'https://clinicadelprado.com.ar/'}",-31.4112451,-64.1997672,comercio
Banco Central de Sangre de la Provincia De Córdoba,comercio,,,,,+54 351 434 1556,"Rosario de Santa Fe 374, Córdoba",https://www.facebook.com/Banco-de-Sangre-de-la-Provincia-De-C%C3%B3rdoba-Argentina-180013335348702/,,no_contactable_publicamente,OSM: servicio/comercio,comercios_amenity,node:7528022909,"{'addr:city': 'Córdoba', 'addr:full': 'Rosario de Santa Fe 374', 'addr:housenumber': '374', 'addr:postcode': '5000', 'addr:street': 'Rosario de Santa Fe', 'amenity': 'clinic', 'fixme': 'ubicar precisamente dentro del hospital', 'healthcare': 'blood_donation', 'name': 'Banco Central de Sangre de la Provincia De Córdoba', 'opening_hours': 'Mo-Fr 07:30-13:00', 'operator': 'Provincial', 'operator:type': 'public', 'phone': '+54 351 434 1556', 'ref:sisa_codigo': '53140142134291', 'ref:sisa_tipologia': 'ESCL', 'website': 'https://www.facebook.com/Banco-de-Sangre-de-la-Provincia-De-C%C3%B3rdoba-Argentina-180013335348702/'}",-31.4177671,-64.1792522,comercio
Clinica Privada Caraffa,comercio,,,,,+54 351 427 3333,"Avenida Caraffa 2532, Córdoba",http://www.clinica-caraffa.com.ar/,,no_contactable_publicamente,OSM: healthcare,comercios_amenity,node:7528070884,"{'addr:city': 'Córdoba', 'addr:full': 'Avenida Emilio Caraffa 2532', 'addr:housenumber': '2532', 'addr:postcode': '5000', 'addr:street': 'Avenida Caraffa', 'amenity': 'hospital', 'healthcare': 'hospital', 'healthcare:speciality': 'general;gynaecology;paediatrics;dermatology;radiology;cardiology;surgery;plastic_surgery', 'name': 'Clinica Privada Caraffa', 'operator': 'Clinica Privada Caraffa S.R.L.', 'operator:type': 'private', 'phone': '+54 351 427 3333', 'ref:sisa_codigo': '10140142331025', 'ref:sisa_tipologia': 'ESCIG', 'website': 'http://www.clinica-caraffa.com.ar/'}",-31.3875786,-64.2130395,comercio
Centro de Rehabilitación Hospital Misericordia,comercio,,,,,+54 351 433 4365,"Belgrano 1502, Córdoba",https://www.cba.gov.ar/red-provincial-de-rehabilitacion/,,no_contactable_publicamente,OSM: healthcare,comercios_amenity,node:7528179449,"{'addr:city': 'Córdoba', 'addr:housenumber': '1502', 'addr:postcode': '5000', 'addr:street': 'Belgrano', 'fixme': 'ubicar exactamente dentro del hospital', 'healthcare': 'rehabilitation', 'name': 'Centro de Rehabilitación Hospital Misericordia', 'operator': 'Provincial', 'operator:type': 'public', 'phone': '+54 351 433 4365', 'ref:sisa_codigo': '50140142133245', 'ref:sisa_tipologia': 'ESSIDT', 'website': 'https://www.cba.gov.ar/red-provincial-de-rehabilitacion/'}",-31.43246,-64.1958806,comercio
Centro Alto Rendimiento Deportivo - Agencia Cordoba Deportes,comercio,,,,,+54 351 434 8360,,https://www.cba.gov.ar/centro-de-alto-rendimiento-deportivo-card/consultorios-medicos/,,no_contactable_publicamente,OSM: servicio/comercio,comercios_amenity,node:7528274615,"{'addr:full': 'Av. Cárcano S/N', 'addr:postcode': '5000', 'amenity': 'clinic', 'healthcare': 'clinic', 'name': 'Centro Alto Rendimiento Deportivo - Agencia Cordoba Deportes', 'operator': 'Provincial', 'operator:type': 'public', 'phone': '+54 351 434 8360', 'ref:sisa_codigo': '50140142133609', 'ref:sisa_tipologia': 'ESSIDT', 'website': 'https://www.cba.gov.ar/centro-de-alto-rendimiento-deportivo-card/consultorios-medicos/'}",-31.3679711,-64.246632,comercio
Farmacia Monserrat,comercio,,,,,+54 351 626 6407,"Baradero 2853, Córdoba",https://linktr.ee/farmaciamonserrat,,no_contactable_publicamente,OSM: servicio/comercio,comercios_amenity,node:8154632675,"{'addr:city': 'Córdoba', 'addr:housenumber': '2853', 'addr:street': 'Baradero', 'amenity': 'pharmacy', 'dispensing': 'yes', 'drive_through': 'no', 'healthcare': 'pharmacy', 'name': 'Farmacia Monserrat', 'opening_hours': 'Mo-Fr 08:30-13:00,17:00-21:00', 'opening_hours:covid19': 'restricted', 'phone': '+54 351 626 6407', 'website': 'https://linktr.ee/farmaciamonserrat'}",-31.4435048,-64.159747,comercio
Muy mucho - Hambre de Lomito,comercio,,,,,+54 351 391 4061,"Ituzaingó 1195, Córdoba",https://muymuchohambre.com.ar/,,no_contactable_publicamente,OSM: servicio/comercio,comercios_amenity,node:8245759479,"{'addr:city': 'Córdoba', 'addr:housenumber': '1195', 'addr:postcode': 'X5000', 'addr:street': 'Ituzaingó', 'amenity': 'fast_food', 'cuisine': 'lomitos;burger', 'diet:meat': 'yes', 'diet:vegetarian': 'yes', 'drive_through': 'no', 'name': 'Muy mucho - Hambre de Lomito', 'phone': '+54 351 391 4061', 'website': 'https://muymuchohambre.com.ar/'}",-31.4305654,-64.1870732,comercio
Donotte,comercio,,,,,+54 351 425 0032,,https://www.facebook.com/Donottecba-107172898018586/,,no_contactable_publicamente,OSM: servicio/comercio,comercios_amenity,node:9395037242,"{'amenity': 'fast_food', 'cuisine': 'pizza;burger', 'drive_through': 'no', 'name': 'Donotte', 'outdoor_seating': 'yes', 'phone': '+54 351 425 0032', 'website': 'https://www.facebook.com/Donottecba-107172898018586/', 'wheelchair': 'yes'}",-31.4102102,-64.1951957,comercio
Faustino Parrilla,comercio,,,,,+54 351 707 4809,Deodoro Roca,http://faustinoparrilla.com/,,no_contactable_publicamente,OSM: servicio/comercio,comercios_amenity,node:9439689418,"{'addr:street': 'Deodoro Roca', 'amenity': 'restaurant', 'name': 'Faustino Parrilla', 'phone': '+54 351 707 4809', 'website': 'http://faustinoparrilla.com/'}",-31.4311585,-64.1738644,comercio
Escaleno Resto Bar,comercio,,,,,+54 351 468 2757,Avenida Deodoro Roca 605,https://www.instagram.com/escaleno_,,no_contactable_publicamente,OSM: servicio/comercio,comercios_amenity,node:9439701906,"{'addr:housenumber': '605', 'addr:street': 'Avenida Deodoro Roca', 'amenity': 'restaurant', 'name': 'Escaleno Resto Bar', 'opening_hours': 'Mo-Su 09:00-01:00', 'outdoor_seating': 'yes', 'phone': '+54 351 468 2757', 'website': 'https://www.instagram.com/escaleno_'}",-31.4298778,-64.1806238,comercio
Instituto de la Visión Cerro,comercio,,,,,+54 351 4811955,"Avenida Rafael Núñez 5019, Córdoba",https://institutodelavisioncerro.com/,,no_contactable_publicamente,OSM: servicio/comercio,comercios_amenity,node:10138462515,"{'addr:city': 'Córdoba', 'addr:full': 'Av. Rafael Núñez 5019 primer piso, cerro de las rosas 5009 Córdoba', 'addr:housenumber': '5019', 'addr:postcode': '5000', 'addr:street': 'Avenida Rafael Núñez', 'amenity': 'clinic', 'contact:facebook': 'https://www.facebook.com/profile.php?id=100077517716920', 'healthcare': 'clinic', 'healthcare:speciality': 'ophthalmology', 'name': 'Instituto de la Visión Cerro', 'phone': '+54 351 4811955', 'website': 'https://institutodelavisioncerro.com/'}",-31.3580273,-64.2406562,comercio
Lomo Club,generador,,,,,,,,,no_contactable_publicamente,club/institución deportiva con comunidad de miembros,comercios_amenity,node:10659955820,"{'amenity': 'fast_food', 'fast_food': 'lomos', 'name': 'Lomo Club'}",-31.3887071,-64.1702513,comercio
Centro de Salud 71 - Cooperativa El Arco,generador,,,,,+54 351 433 8631,,,,no_contactable_publicamente,"organización con afiliados, asociados o beneficiarios",comercios_amenity,node:10742537147,"{'amenity': 'clinic', 'healthcare': 'clinic', 'name': 'Centro de Salud 71 - Cooperativa El Arco', 'phone': '+54 351 433 8631'}",-31.4522134,-64.1330291,comercio
Lo+Rico Empanadas,comercio,,,,,+54 351 752 0060,Avenida Recta Martinoli 7540,www.lomadricormpanadas.ar,,no_contactable_publicamente,OSM: servicio/comercio,comercios_amenity,node:11180393790,"{'addr:housenumber': '7540', 'addr:street': 'Avenida Recta Martinoli', 'amenity': 'fast_food', 'description': 'empanadas, pizzas, postres', 'name': 'Lo+Rico Empanadas', 'opening_hours': 'Mo-Su 12:00-15:00, 20:00-00:00', 'phone': '+54 351 752 0060', 'website': 'www.lomadricormpanadas.ar'}",-31.3474907,-64.2665774,comercio
LITTLE TOKYO – ᴀɴɪᴍᴇ & ᴄᴀꜰᴇ,comercio,,,,,+54 810 777 2400,"Caseros 679, Córdoba",https://instagram.com/little.tokyo.coffee?igshid=YmMyMTA2M2Y=,,no_contactable_publicamente,OSM: servicio/comercio,comercios_amenity,node:12038538070,"{'addr:city': 'Córdoba', 'addr:housenumber': '679', 'addr:postcode': 'X5000', 'addr:street': 'Caseros', 'amenity': 'cafe', 'internet_access': 'wlan', 'internet_access:fee': 'customers', 'name': 'LITTLE TOKYO – ᴀɴɪᴍᴇ & ᴄᴀꜰᴇ', 'opening_hours': 'Mo-Su 15:00-20:30', 'outdoor_seating': 'yes', 'phone': '+54 810 777 2400', 'website': 'https://instagram.com/little.tokyo.coffee?igshid=YmMyMTA2M2Y='}",-31.415691,-64.1938723,comercio
MARIACHI – Tacos & Lomos,comercio,,,,,+54 351 468 0336,"Buenos Aires 1275, Córdoba",http://mariachisite.com/,,no_contactable_publicamente,OSM: servicio/comercio,comercios_amenity,node:12943997000,"{'addr:city': 'Córdoba', 'addr:housenumber': '1275', 'addr:postcode': 'X5000', 'addr:street': 'Buenos Aires', 'amenity': 'fast_food', 'cuisine': 'tacos;lomitos;burger', 'name': 'MARIACHI – Tacos & Lomos', 'phone': '+54 351 468 0336', 'website': 'http://mariachisite.com/'}",-31.4311093,-64.1887676,comercio
La Pastelería Oficial | Café de Especialidad,comercio,,,,,+54 351 606 0870,"Ituzaingó 1046, Córdoba",https://www.instagram.com/lapasteleria.oficial/,,no_contactable_publicamente,OSM: servicio/comercio,comercios_amenity,node:12944004702,"{'addr:city': 'Córdoba', 'addr:housenumber': '1046', 'addr:postcode': 'X5000', 'addr:street': 'Ituzaingó', 'amenity': 'cafe', 'internet_access': 'wlan', 'name': 'La Pastelería Oficial | Café de Especialidad', 'phone': '+54 351 606 0870', 'website': 'https://www.instagram.com/lapasteleria.oficial/'}",-31.4286721,-64.1864797,comercio
Frich 'n fries,comercio,,,,,+54 351 614 2090,"Ituzaingó 909, Córdoba",https://www.instagram.com/frich.hamburguesas/?hl=es,,no_contactable_publicamente,OSM: servicio/comercio,comercios_amenity,node:12944004703,"{'addr:city': 'Córdoba', 'addr:housenumber': '909', 'addr:postcode': 'X5000', 'addr:street': 'Ituzaingó', 'amenity': 'fast_food', 'cuisine': 'burger', 'diet:meat': 'yes', 'diet:vegetarian': 'yes', 'name': ""Frich 'n fries"", 'opening_hours': 'Mo-Su 20:00-00:00', 'phone': '+54 351 614 2090', 'website': 'https://www.instagram.com/frich.hamburguesas/?hl=es'}",-31.4275719,-64.185859,comercio
Lomiteria Popular,comercio,,,,,+54 351 634 5841,"Avenida Hipólito Yrigoyen 385, Córdoba",https://easyorder.com.ar/lomiteria-popular-buen-pastor/,,no_contactable_publicamente,OSM: servicio/comercio,comercios_amenity,node:12944004709,"{'addr:city': 'Córdoba', 'addr:housenumber': '385', 'addr:postcode': 'X5000', 'addr:street': 'Avenida Hipólito Yrigoyen', 'amenity': 'restaurant', 'cuisine': 'burger;lomitos', 'name': 'Lomiteria Popular', 'phone': '+54 351 634 5841', 'website': 'https://easyorder.com.ar/lomiteria-popular-buen-pastor/'}",-31.4237848,-64.1867211,comercio
FULANO Café de Vereda,comercio,,,,,+54 351 308 8004,"Avenida Hipólito Yrigoyen 292, Córdoba",https://menu.fu.do/fulano-caf%C3%A9devereda/qr-menu,,no_contactable_publicamente,OSM: servicio/comercio,comercios_amenity,node:12944004711,"{'addr:city': 'Córdoba', 'addr:housenumber': '292', 'addr:postcode': 'X5000', 'addr:street': 'Avenida Hipólito Yrigoyen', 'amenity': 'cafe', 'cuisine': 'coffee_shop', 'name': 'FULANO Café de Vereda', 'phone': '+54 351 308 8004', 'website': 'https://menu.fu.do/fulano-caf%C3%A9devereda/qr-menu'}",-31.4235252,-64.1872807,comercio
Panicafé Buen Pastor,comercio,,,,,+54 351 804 4980,"Avenida Hipólito Yrigoyen 198, Córdoba",http://panicafe.com.ar/,,no_contactable_publicamente,OSM: servicio/comercio,comercios_amenity,node:12944004712,"{'addr:city': 'Córdoba', 'addr:housenumber': '198', 'addr:postcode': 'X5000', 'addr:street': 'Avenida Hipólito Yrigoyen', 'amenity': 'cafe', 'name': 'Panicafé Buen Pastor', 'phone': '+54 351 804 4980', 'website': 'http://panicafe.com.ar/'}",-31.4227665,-64.1874856,comercio
Cherry Season - Nueva Córdoba,comercio,,,,,+54 351 860 4040,"Avenida Hipólito Yrigoyen 171, Córdoba",https://www.instagram.com/cherryseason_arg?igsh=MXhqbnJib3ZzOW13dg==,,no_contactable_publicamente,OSM: servicio/comercio,comercios_amenity,node:12944004716,"{'addr:city': 'Córdoba', 'addr:housenumber': '171', 'addr:postcode': 'X5000', 'addr:street': 'Avenida Hipólito Yrigoyen', 'amenity': 'cafe', 'name': 'Cherry Season - Nueva Córdoba', 'outdoor_seating': 'yes', 'phone': '+54 351 860 4040', 'website': 'https://www.instagram.com/cherryseason_arg?igsh=MXhqbnJib3ZzOW13dg=='}",-31.4225499,-64.1875836,comercio
Centro de Salud N° 74 - Villa Esquiú,comercio,,,,,+54 351 499 9910,"Avenida Doctor Arturo Capdevila Km 10, Córdoba",https://cordoba.gob.ar/,,no_contactable_publicamente,OSM: healthcare,comercios_amenity,node:13017292544,"{'addr:city': 'Córdoba', 'addr:housenumber': 'Km 10', 'addr:province': 'Córdiba', 'addr:state': 'Córdoba', 'addr:street': 'Avenida Doctor Arturo Capdevila', 'healthcare': 'clinic', 'name': 'Centro de Salud N° 74 - Villa Esquiú', 'phone': '+54 351 499 9910', 'website': 'https://cordoba.gob.ar/'}",-31.3548694,-64.1053872,comercio
Guasa Mila Club,generador,,,,,+54 0351 226-3073,"Ángelo de Peredo 82, Córdoba",,,no_contactable_publicamente,club/institución deportiva con comunidad de miembros,comercios_amenity,node:13097132212,"{'addr:city': 'Córdoba', 'addr:housenumber': '82', 'addr:postcode': 'X5000', 'addr:street': 'Ángelo de Peredo', 'amenity': 'fast_food', 'cuisine': 'burger;sandwich;salad', 'name': 'Guasa Mila Club', 'phone': '+54 0351 226-3073'}",-31.4281509,-64.1903987,comercio
Veterinaria Exoticos Dr Lagos - Veterinaria Mundo Bicho,comercio,,,,,+54 9 351 706-0088,Bulevar Los Granaderos 3070,https://m.facebook.com/veterinaria.mundobicho/,,no_contactable_publicamente,OSM: servicio/comercio,comercios_amenity,node:13255865501,"{'addr:housenumber': '3070', 'addr:postcode': '5000', 'addr:street': 'Bulevar Los Granaderos', 'amenity': 'veterinary', 'name': 'Veterinaria Exoticos Dr Lagos - Veterinaria Mundo Bicho', 'opening_hours': 'Mo-Fr 09:00-13:00, 16:00-20:00; Sa 09:00-13:00', 'phone': '+54 9 351 706-0088', 'website': 'https://m.facebook.com/veterinaria.mundobicho/'}",-31.3735842,-64.2163474,comercio
Imari Omakase,comercio,,,,,+54 9 3512 58-6364,"Boulevard Chacabuco 690, Córdoba",https://linktr.ee/imari.omakase,,no_contactable_publicamente,OSM: servicio/comercio,comercios_amenity,node:13717597878,"{'addr:city': 'Córdoba', 'addr:housenumber': '690', 'addr:street': 'Boulevard Chacabuco', 'amenity': 'restaurant', 'cuisine': 'sushi', 'name': 'Imari Omakase', 'opening_hours': 'Mo-Sa 20:00-23:30', 'phone': '+54 9 3512 58-6364', 'website': 'https://linktr.ee/imari.omakase'}",-31.4254377,-64.1836382,comercio
Centro Galvez (Sede 2),comercio,,,,,+54 351 505 3005,"Luis José de Tejeda 4075, Córdoba",https://www.centrogalvez.com.ar/,,no_contactable_publicamente,OSM: servicio/comercio,comercios_amenity,node:13966413964,"{'addr:city': 'Córdoba', 'addr:housenumber': '4075', 'addr:postcode': 'X5009', 'addr:street': 'Luis José de Tejeda', 'amenity': 'clinic', 'contact:instagram': 'galvez_diagnostico', 'healthcare': 'clinic', 'healthcare:imaging': 'mri;ct;ultrasound;mammograph;xray;dexa', 'healthcare:speciality': 'radiology;gynaecology;cardiology;neurology;dermatology;rheumatology;otolaryngology', 'name': 'Centro Galvez (Sede 2)', 'opening_hours': 'Mo-Fr 08:00-22:00; Sa 08:00-13:00', 'phone': '+54 351 505 3005', 'website': 'https://www.centrogalvez.com.ar/'}",-31.3721449,-64.2328339,comercio
Club House Las Delicias,generador,,,,,,Av. Los Guaranes,,,no_contactable_publicamente,club/institución deportiva con comunidad de miembros,comercios_amenity,way:207269353,"{'addr:street': 'Av. Los Guaranes', 'air_conditioning': 'yes', 'amenity': 'restaurant', 'bar': 'yes', 'building': 'commercial', 'layer': '1', 'name': 'Club House Las Delicias', 'outdoor_seating': 'yes', 'toilets': 'yes', 'wheelchair': 'yes'}",-31.3639347,-64.2983075,comercio
Policlinico Policial,comercio,,,,,+54 351 4333523,"Luis Agote 2825, Córdoba",https://www.policiacordoba.gov.ar/dependencias/policlinico-policial/index.html,,no_contactable_publicamente,OSM: healthcare,comercios_amenity,way:286698638,"{'addr:city': 'Córdoba', 'addr:full': 'Luis Agote 2825', 'addr:housenumber': '2825', 'addr:postcode': '5010', 'addr:street': 'Luis Agote', 'amenity': 'hospital', 'emergency': 'yes', 'healthcare': 'hospital', 'healthcare:speciality': 'cardiology;general;paediatrics;dentistry;gynaecology;dermatology;physiatry;oncology', 'name': 'Policlinico Policial', 'operator': 'FFAA/Seguridad', 'operator:type': 'public', 'phone': '+54 351 4333523', 'ref:sisa_codigo': '10140142431276', 'ref:sisa_tipologia': 'ESCIG', 'surface': 'concrete', 'website': 'https://www.policiacordoba.gov.ar/dependencias/policlinico-policial/index.html'}",-31.4252238,-64.2246681,comercio
Hospital Raúl Ángel Ferreyra,comercio,,,,,+54 351 4438300,"Avenida Pablo Ricchieri 2198, Córdoba",https://www.apross.gov.ar/17-Hospital-Raul-Angel-Ferreyra.note.aspx,,no_contactable_publicamente,OSM: healthcare,comercios_amenity,way:294458792,"{'addr:city': 'Córdoba', 'addr:full': 'Avenida Pablo Ricchieri 2200', 'addr:housenumber': '2198', 'addr:postcode': '5000', 'addr:street': 'Avenida Pablo Ricchieri', 'amenity': 'hospital', 'emergency': 'yes', 'healthcare': 'hospital', 'name': 'Hospital Raúl Ángel Ferreyra', 'old_name': 'Hospital Español', 'operator': 'Hospital Privado S. A.', 'operator:type': 'private', 'phone': '+54 351 4438300', 'ref:sisa_codigo': '10140142333468', 'ref:sisa_tipologia': 'ESCIG', 'website': 'https://www.apross.gov.ar/17-Hospital-Raul-Angel-Ferreyra.note.aspx'}",-31.4360188,-64.1765043,comercio
UPAS 8 - Barrio La Floresta,generador,,,,,+54 351 499 7930,"Pirincha, Córdoba",,,no_contactable_publicamente,organización social con comunidad de miembros,comercios_amenity,way:439689344,"{'addr:city': 'Córdoba', 'addr:full': 'Las Orquideas S/N (Al Lado Del Centro Vecinal)', 'addr:postcode': '5000', 'addr:street': 'Pirincha', 'amenity': 'clinic', 'description': 'Centro de Salud municipalidad de Córdoba', 'healthcare': 'clinic', 'name': 'UPAS 8 - Barrio La Floresta', 'operator': 'Municipal', 'operator:type': 'public', 'phone': '+54 351 499 7930', 'ref:sisa_codigo': '50140142233209', 'ref:sisa_tipologia': 'ESSIDT'}",-31.3691155,-64.0605618,comercio
Farmacia Sindical,generador,,,,,,"Ituzaingó, Córdoba",,,no_contactable_publicamente,"organización con afiliados, asociados o beneficiarios",comercios_amenity,way:555874598,"{'addr:city': 'Córdoba', 'addr:street': 'Ituzaingó', 'amenity': 'pharmacy', 'building': 'yes', 'check_date': '2025-09-08', 'healthcare': 'pharmacy', 'name': 'Farmacia Sindical'}",-31.4279763,-64.1861914,comercio
Lomo Club,generador,,,,,4718722,Paysandú,,,no_contactable_publicamente,club/institución deportiva con comunidad de miembros,comercios_amenity,way:557535777,"{'addr:street': 'Paysandú', 'amenity': 'restaurant', 'building': 'yes', 'name': 'Lomo Club', 'phone': '4718722'}",-31.3877038,-64.1557199,comercio
Sanatorio Privado del Noreste,comercio,,,,,+54 351 451 3209,"Wilson 2101, Córdoba",http://sanatoriodelnoreste.com.ar/,,no_contactable_publicamente,OSM: healthcare,comercios_amenity,way:804810730,"{'addr:city': 'Córdoba', 'addr:full': 'Wilson 2101', 'addr:housenumber': '2101', 'addr:postcode': '5864', 'addr:street': 'Wilson', 'amenity': 'hospital', 'description': 'Centro de Rehabilitación con internación', 'healthcare': 'hospital', 'name': 'Sanatorio Privado del Noreste', 'operator': 'Privado', 'operator:type': 'private', 'phone': '+54 351 451 3209', 'ref:sisa_codigo': '10140142331311', 'ref:sisa_tipologia': 'ESCIG', 'website': 'http://sanatoriodelnoreste.com.ar/'}",-31.3842775,-64.1359247,comercio
Sanatorio Sindical Suoem,generador,,,,,4261364,"Santa Rosa 811, Córdoba",,,no_contactable_publicamente,"organización con afiliados, asociados o beneficiarios",comercios_amenity,way:1044624827,"{'addr:city': 'Córdoba', 'addr:full': 'Santa Rosa 811', 'addr:housenumber': '811', 'addr:postcode': '5000', 'addr:street': 'Santa Rosa', 'amenity': 'hospital', 'building': 'yes', 'healthcare': 'hospital', 'name': 'Sanatorio Sindical Suoem', 'operator': 'Privado', 'operator:type': 'private', 'phone': '4261364', 'ref:sisa_codigo': '10140142331329', 'ref:sisa_tipologia': 'ESCIG'}",-31.4094808,-64.193747,comercio
Sanatorio Parque,comercio,,,,,+54 351 4564000,"San Jerónimo 3115, Córdoba",https://sanatorioparque.com/,,no_contactable_publicamente,OSM: healthcare,comercios_amenity,way:1046400448,"{'addr:city': 'Córdoba', 'addr:full': 'San Jeronimo 3115', 'addr:housenumber': '3115', 'addr:postcode': '5006', 'addr:street': 'San Jerónimo', 'amenity': 'hospital', 'building': 'hospital', 'healthcare': 'hospital', 'name': 'Sanatorio Parque', 'official_name': 'Sanatorio Privado Parque S.A.', 'operator': 'Privado', 'operator:type': 'private', 'phone': '+54 351 4564000', 'ref:sisa_codigo': '10140142331322', 'ref:sisa_tipologia': 'ESCIG', 'website': 'https://sanatorioparque.com/'}",-31.4235519,-64.1439769,comercio
Aconcagua Sanatorio Privado,comercio,,,,,+54 351 5699910,"Rondeau 455, Córdoba",https://sanatorioaconcagua.com/,,no_contactable_publicamente,OSM: healthcare,comercios_amenity,way:1046798898,"{'addr:city': 'Córdoba', 'addr:full': 'Rondeau 455', 'addr:housenumber': '455', 'addr:postcode': '5000', 'addr:street': 'Rondeau', 'amenity': 'hospital', 'check_date': '2025-07-26', 'healthcare': 'hospital', 'name': 'Aconcagua Sanatorio Privado', 'operator': 'Privado', 'operator:type': 'private', 'phone': '+54 351 5699910', 'ref:sisa_codigo': '10140142331292', 'ref:sisa_tipologia': 'ESCIG', 'website': 'https://sanatorioaconcagua.com/'}",-31.4235512,-64.1806514,comercio
Clínica Veterinaria Eva Inguerman,comercio,,,,,+54 351 432 6414,,https://www.facebook.com/ClinicaVeterinariaEvaInguerman/,,no_contactable_publicamente,OSM: servicio/comercio,comercios_amenity,way:1149463487,"{'amenity': 'veterinary', 'building': 'yes', 'building:levels': '3', 'name': 'Clínica Veterinaria Eva Inguerman', 'opening_hours': '24/7', 'phone': '+54 351 432 6414', 'website': 'https://www.facebook.com/ClinicaVeterinariaEvaInguerman/'}",-31.3939043,-64.2629947,comercio
Centro de salud municipal Villa Rivera Indarte,comercio,,,,,+54 3543 44 9420,,https://www.hospitales.argentina.crigu.com/centro-de-salud-6-villa-rivera-indarte-cordoba-capital/,,no_contactable_publicamente,OSM: servicio/comercio,comercios_amenity,way:1219911279,"{'amenity': 'clinic', 'building': 'yes', 'building:levels': '1', 'healthcare': 'clinic', 'name': 'Centro de salud municipal Villa Rivera Indarte', 'opening_hours': 'Mo-Fr 07:30-14:30', 'phone': '+54 3543 44 9420', 'website': 'https://www.hospitales.argentina.crigu.com/centro-de-salud-6-villa-rivera-indarte-cordoba-capital/'}",-31.3282262,-64.2974949,comercio
Consultorio de Salud Integral,generador,,,,,,"Paso de los Andes 17, Córdoba",,,no_contactable_publicamente,"organización con afiliados, asociados o beneficiarios",comercios_amenity,way:1476003797,"{'addr:city': 'Córdoba', 'addr:housenumber': '17', 'addr:street': 'Paso de los Andes', 'amenity': 'hospital', 'healthcare': 'hospital', 'healthcare:speciality': 'gynaecology;general', 'name': 'Consultorio de Salud Integral', 'operator': 'Cooperativa de Salud', 'operator:type': 'private'}",-31.4118625,-64.1988552,comercio
Polideportivo Carlos Ceruti,generador,,,,,,"Martín Alonso Pinzón 1050, Ciudad de Cordoba",,,no_contactable_publicamente,OSM: institución deportiva con actividad deportiva,generadores_deportivos,node:1502500177,"{'addr:city': 'Ciudad de Cordoba', 'addr:housenumber': '1050', 'addr:postcode': '5000', 'addr:street': 'Martín Alonso Pinzón', 'alt_name': 'Polideportivo Municipal Carlos Cerutti', 'capacity': '3500', 'description': 'Estadio cubierto. Su atracción principal es basquet, también se pueden practicar deportes como: el voley, gimnasia rítmica y handbal.', 'leisure': 'sports_centre', 'name': 'Polideportivo Carlos Ceruti', 'sport': 'basketball;volleyball;handball', 'wikidata': 'Q7209718', 'wikipedia': 'es:Polideportivo Municipal Carlos Cerutti'}",-31.3916961,-64.1937445,generador
Club,generador,,,,,,,,,no_contactable_publicamente,club/institución deportiva con comunidad de miembros,generadores_deportivos,node:1912288762,"{'access': 'yes', 'covered': 'no', 'leisure': 'swimming_pool', 'name': 'Club', 'source': 'survey', 'sport': 'swimming'}",-31.3651087,-64.2787078,generador
TDS,generador,,,,,,,,,no_contactable_publicamente,OSM: institución deportiva con actividad deportiva,generadores_deportivos,node:1912984924,"{'leisure': 'sports_centre', 'name': 'TDS', 'sport': 'gymnastics'}",-31.3655689,-64.2788834,generador
Movimiento Activo,generador,,,,,,"Avenida del Piamonte 5022, Córdoba",,,no_contactable_publicamente,OSM: institución deportiva con actividad deportiva,generadores_deportivos,node:1912987815,"{'addr:city': 'Córdoba', 'addr:housenumber': '5022', 'addr:postcode': '5021', 'addr:street': 'Avenida del Piamonte', 'leisure': 'sports_centre', 'name': 'Movimiento Activo', 'source': 'survey', 'sport': 'gymnastics'}",-31.3770692,-64.2561695,generador
Centro Vecinal de Villa Adela - Playón deportivo,generador,,,,,,,,,no_contactable_publicamente,organización social con comunidad de miembros,generadores_deportivos,node:3085039447,"{'leisure': 'sports_centre', 'name': 'Centro Vecinal de Villa Adela - Playón deportivo', 'sport': 'basketball'}",-31.4369698,-64.2472271,generador
Soccer World. Complejo deportivo Las Casuarinas,generador,,,,,,,,,no_contactable_publicamente,OSM: institución deportiva con actividad deportiva,generadores_deportivos,node:5972982842,"{'alt_name': 'La Pepa', 'leisure': 'sports_centre', 'name': 'Soccer World. Complejo deportivo Las Casuarinas', 'sport': 'soccer'}",-31.3042783,-64.1273894,generador
Club de Amigos Gym,generador,,,,,,"Avenida Pueyrredón 795, Córdoba",,,no_contactable_publicamente,club/institución deportiva con comunidad de miembros,generadores_deportivos,node:10733377991,"{'access': 'customers', 'addr:city': 'Córdoba', 'addr:housenumber': '795', 'addr:postcode': '5000', 'addr:street': 'Avenida Pueyrredón', 'check_date': '2026-05-07', 'contact:instagram': 'https://www.instagram.com/gymclubdeamigos', 'contact:whatsapp': '+54 9 351 552 7084', 'internet_access': 'no', 'leisure': 'fitness_centre', 'name': 'Club de Amigos Gym', 'payment:cash': 'yes', 'payment:credit_cards': 'yes', 'payment:debit_cards': 'yes', 'sport': 'fitness;cycling', 'wheelchair': 'no'}",-31.4244158,-64.1987178,generador
Avista,generador,,,,,,,,,no_contactable_publicamente,OSM: institución deportiva con actividad deportiva,generadores_deportivos,node:12138112970,"{'check_date': '2024-08-24', 'leisure': 'sports_centre', 'name': 'Avista', 'sport': 'climbing'}",-31.4252461,-64.1933687,generador
La Raquette,generador,,,,,+54 9 3512 94-1013,"Mariano Moreno 376, Córdoba",,,no_contactable_publicamente,OSM: institución deportiva con actividad deportiva,generadores_deportivos,node:14042840990,"{'addr:city': 'Córdoba', 'addr:housenumber': '376', 'addr:street': 'Mariano Moreno', 'leisure': 'sports_centre', 'name': 'La Raquette', 'phone': '+54 9 3512 94-1013', 'sport': 'padel;soccer;squash;table_tennis'}",-31.4166034,-64.199265,generador
Club de Boxeadores,generador,,,,,+54 351 557 5868,,,,no_contactable_publicamente,club/institución deportiva con comunidad de miembros,generadores_deportivos,node:14070562569,"{'club': 'sport', 'name': 'Club de Boxeadores', 'panoramax': 'b4cada8a-511e-410d-9280-f4ae877337ef', 'phone': '+54 351 557 5868', 'sport': 'boxing'}",-31.4097195,-64.177065,generador
Estadio Monumental Presidente Perón,generador,,,,,,"Jujuy 2602, Córdoba",,,no_contactable_publicamente,OSM: institución deportiva con actividad deportiva,generadores_deportivos,way:31474812,"{'addr:city': 'Córdoba', 'addr:housenumber': '2602', 'addr:street': 'Jujuy', 'leisure': 'stadium', 'name': 'Estadio Monumental Presidente Perón', 'sport': 'soccer', 'wikidata': 'Q3495828', 'wikimedia_commons': 'Category:Estadio Juan Domingo Perón (Instituto)', 'wikipedia': 'es:Estadio Juan Domingo Perón'}",-31.38367,-64.180403,generador
Estadio Francisco Cabasés,generador,,,,,,,,,no_contactable_publicamente,club/institución deportiva con comunidad de miembros,generadores_deportivos,way:68461127,"{'alt_name': 'La Boutique', 'leisure': 'stadium', 'name': 'Estadio Francisco Cabasés', 'operator': 'Club Atlético Talleres', 'sport': 'soccer', 'wikidata': 'Q1369082', 'wikipedia': 'es:Estadio Francisco Cabasés'}",-31.4492419,-64.1753053,generador
Córdoba Golf Club,generador,,,,,,,,,no_contactable_publicamente,club/institución deportiva con comunidad de miembros,generadores_deportivos,way:83229206,"{'leisure': 'golf_course', 'name': 'Córdoba Golf Club', 'sport': 'golf'}",-31.28123,-64.2910275,generador
Estadio Mario Alberto Kempes,generador,,,,,,,,,no_contactable_publicamente,OSM: institución deportiva con actividad deportiva,generadores_deportivos,way:154248210,"{'leisure': 'stadium', 'name': 'Estadio Mario Alberto Kempes', 'sport': 'multi', 'wikidata': 'Q1062157', 'wikimedia_commons': 'Category:Estadio Córdoba', 'wikipedia': 'es:Estadio Mario Alberto Kempes'}",-31.3689196,-64.2461537,generador
Complejo Don Balon,generador,,,,,,,,,no_contactable_publicamente,OSM: institución deportiva con actividad deportiva,generadores_deportivos,way:154253279,"{'landuse': 'meadow', 'leisure': 'sports_centre', 'name': 'Complejo Don Balon', 'sport': 'soccer'}",-31.3554324,-64.2304242,generador
Club Argentino Peñarol,generador,,,,,,,,,no_contactable_publicamente,club/institución deportiva con comunidad de miembros,generadores_deportivos,way:164608684,"{'leisure': 'sports_centre', 'name': 'Club Argentino Peñarol', 'sport': 'soccer', 'surface': 'gravel'}",-31.3271601,-64.2585458,generador
ACV,generador,,,,,,,,,no_contactable_publicamente,OSM: institución deportiva con actividad deportiva,generadores_deportivos,way:164874619,"{'leisure': 'sports_centre', 'name': 'ACV', 'sport': 'motor'}",-31.2807059,-64.2357453,generador
Estadio Julio César Villagra,generador,,,,,,,,,no_contactable_publicamente,OSM: institución deportiva con actividad deportiva,generadores_deportivos,way:182759265,"{'leisure': 'stadium', 'name': 'Estadio Julio César Villagra', 'sport': 'soccer', 'wheelchair': 'limited', 'wikidata': 'Q1369290', 'wikimedia_commons': 'Category:Estadio Julio César Villagra', 'wikipedia': 'es:Estadio Julio César Villagra'}",-31.4034972,-64.206305,generador
Estadio La Talquera,generador,,,,,,,,,no_contactable_publicamente,OSM: institución deportiva con actividad deportiva,generadores_deportivos,way:182766546,"{'leisure': 'stadium', 'name': 'Estadio La Talquera', 'operator': 'C.A. Unión San Vicente', 'operator:wikidata': 'Q5774886', 'sport': 'soccer'}",-31.4206585,-64.126826,generador
Club General Paz Juniors,generador,,,,,,,,,no_contactable_publicamente,club/institución deportiva con comunidad de miembros,generadores_deportivos,way:182768557,"{'leisure': 'sports_centre', 'name': 'Club General Paz Juniors', 'sport': 'multi'}",-31.4221043,-64.1676923,generador
Club Atlético Libertad,generador,,,,,,,,,no_contactable_publicamente,club/institución deportiva con comunidad de miembros,generadores_deportivos,way:182768945,"{'leisure': 'pitch', 'name': 'Club Atlético Libertad', 'sport': 'soccer'}",-31.403947,-64.1294862,generador
La Gran 7,generador,,,,,,,,,no_contactable_publicamente,OSM: institución deportiva con actividad deportiva,generadores_deportivos,way:183183622,"{'leisure': 'sports_centre', 'name': 'La Gran 7', 'sport': 'soccer'}",-31.4348503,-64.1812498,generador
Club Barrio Parque,generador,,,,,,Lagunilla,,,no_contactable_publicamente,club/institución deportiva con comunidad de miembros,generadores_deportivos,way:189400292,"{'addr:street': 'Lagunilla', 'leisure': 'sports_centre', 'name': 'Club Barrio Parque', 'sport': 'soccer;basketball;tennis', 'wikidata': 'Q16549717', 'wikimedia_commons': 'Category:Club Atlético Barrio Parque', 'wikipedia': 'es:Club Atlético Barrio Parque'}",-31.4375327,-64.2182088,generador
Polideportivo Padre Luis Maria Monti,generador,,,,,,,,,no_contactable_publicamente,OSM: institución deportiva con actividad deportiva,generadores_deportivos,way:208507520,"{'leisure': 'sports_centre', 'name': 'Polideportivo Padre Luis Maria Monti', 'sport': 'multi'}",-31.3841484,-64.2172351,generador
Club La Tablada,generador,,,,,,,,,no_contactable_publicamente,club/institución deportiva con comunidad de miembros,generadores_deportivos,way:209482889,"{'leisure': 'sports_centre', 'name': 'Club La Tablada', 'sport': 'rugby_union;tennis;field_hockey', 'wikidata': 'Q5136274', 'wikimedia_commons': 'Category:Club La Tablada de Córdoba', 'wikipedia': 'es:Club La Tablada'}",-31.34626,-64.2983034,generador
Club Quilmes - Villa Allende,generador,,,,,,,,,no_contactable_publicamente,club/institución deportiva con comunidad de miembros,generadores_deportivos,way:234370161,"{'leisure': 'sports_centre', 'name': 'Club Quilmes - Villa Allende', 'sport': 'soccer'}",-31.2839876,-64.2993553,generador
Tala Rugby Club,generador,,,,,,,,,no_contactable_publicamente,club/institución deportiva con comunidad de miembros,generadores_deportivos,way:235666749,"{'leisure': 'sports_centre', 'name': 'Tala Rugby Club', 'sport': 'rugby_union;field_hockey;tennis', 'wikidata': 'Q7678745', 'wikimedia_commons': 'Category:Tala Rugby Club', 'wikipedia': 'es:Tala Rugby Club'}",-31.340302,-64.2971459,generador
Club Atlético Racing de Córdoba,generador,,,,,,"Hernán Huberman 1750, Córdoba",,,no_contactable_publicamente,club/institución deportiva con comunidad de miembros,generadores_deportivos,way:238810815,"{'addr:city': 'Córdoba', 'addr:housenumber': '1750', 'addr:postcode': '5000', 'addr:street': 'Hernán Huberman', 'alt_name': 'Estadio Miguel Sancho', 'leisure': 'stadium', 'name': 'Club Atlético Racing de Córdoba', 'sport': 'soccer', 'wikidata': 'Q5848146', 'wikipedia': 'es:Estadio Miguel Sancho'}",-31.3895435,-64.1433822,generador
Natación,generador,,,,,,,,,no_contactable_publicamente,OSM: institución deportiva con actividad deportiva,generadores_deportivos,way:241676026,"{'leisure': 'sports_centre', 'name': 'Natación', 'sport': 'swimming'}",-31.4133436,-64.2155445,generador
Club Atlético Huracán,generador,,,,,,"Rafael Candia, Córdoba",,,no_contactable_publicamente,club/institución deportiva con comunidad de miembros,generadores_deportivos,way:286702493,"{'addr:city': 'Córdoba', 'addr:postcode': '5000', 'addr:street': 'Rafael Candia', 'leisure': 'sports_centre', 'name': 'Club Atlético Huracán', 'sport': 'soccer'}",-31.3729078,-64.2120239,generador
UCFA,generador,,,,,,,,,no_contactable_publicamente,OSM: institución deportiva con actividad deportiva,generadores_deportivos,way:287799146,"{'int_name': 'Union Cordobesa de Fútbol Amateur', 'leisure': 'sports_centre', 'name': 'UCFA', 'sport': 'soccer'}",-31.3218004,-64.1896389,generador
Córdoba Paddle,generador,,,,,+543514649853,Del Comercio 857,,,no_contactable_publicamente,OSM: institución deportiva con actividad deportiva,generadores_deportivos,way:295761430,"{'addr:housenumber': '857', 'addr:street': 'Del Comercio', 'leisure': 'sports_centre', 'name': 'Córdoba Paddle', 'phone': '+543514649853', 'sport': 'paddle_tennis'}",-31.4432385,-64.1835664,generador
Arabian,generador,,,,,+5493515398206,República del Libano 399,,,no_contactable_publicamente,OSM: institución deportiva con actividad deportiva,generadores_deportivos,way:295761431,"{'addr:housenumber': '399', 'addr:street': 'República del Libano', 'leisure': 'sports_centre', 'name': 'Arabian', 'phone': '+5493515398206', 'sport': 'paddle_tennis'}",-31.3959751,-64.173389,generador
Espacio O2,generador,,,,,+543514715307,Faustino Allende 1045,,,no_contactable_publicamente,OSM: institución deportiva con actividad deportiva,generadores_deportivos,way:295761432,"{'addr:housenumber': '1045', 'addr:street': 'Faustino Allende', 'leisure': 'sports_centre', 'name': 'Espacio O2', 'phone': '+543514715307', 'sport': 'multi'}",-31.399115,-64.1921644,generador
Córdoba Athletic Club,generador,,,,,,,,,no_contactable_publicamente,club/institución deportiva con comunidad de miembros,generadores_deportivos,way:304037670,"{'leisure': 'sports_centre', 'name': 'Córdoba Athletic Club', 'sport': 'rugby_union;tennis', 'wikidata': 'Q5202720', 'wikipedia': 'es:Córdoba Athletic Club'}",-31.4505291,-64.1742986,generador
Club Atlético Las Flores,generador,,,,,,,,,no_contactable_publicamente,club/institución deportiva con comunidad de miembros,generadores_deportivos,way:304038366,"{'leisure': 'sports_centre', 'name': 'Club Atlético Las Flores', 'sport': 'soccer'}",-31.4558242,-64.1949639,generador
Club Palermo Bajo,generador,,,,,,,,,no_contactable_publicamente,club/institución deportiva con comunidad de miembros,generadores_deportivos,way:304121094,"{'leisure': 'sports_centre', 'name': 'Club Palermo Bajo', 'sport': 'rugby_union'}",-31.3374228,-64.2340667,generador
Club Atlético Villa Azalais,generador,,,,,,"Avenida Arturo Capdevila, Córdoba",,,no_contactable_publicamente,club/institución deportiva con comunidad de miembros,generadores_deportivos,way:304140982,"{'addr:city': 'Córdoba', 'addr:postcode': '5000', 'addr:street': 'Avenida Arturo Capdevila', 'leisure': 'sports_centre', 'name': 'Club Atlético Villa Azalais', 'sport': 'multi'}",-31.3783789,-64.155073,generador
Club Atlético Belgrano,generador,,,,,,,,,no_contactable_publicamente,club/institución deportiva con comunidad de miembros,generadores_deportivos,way:304145625,"{'access': 'private', 'leisure': 'pitch', 'lit': 'yes', 'name': 'Club Atlético Belgrano', 'sport': 'soccer', 'surface': 'grass'}",-31.4035027,-64.2063021,generador
Estadio Emeterio Farías,generador,,,,,,,,,no_contactable_publicamente,OSM: institución deportiva con actividad deportiva,generadores_deportivos,way:307246166,"{'leisure': 'stadium', 'name': 'Estadio Emeterio Farías', 'note': 'Estadio de la Liga Cordobesa de Fútbol', 'sport': 'soccer'}",-31.3336623,-64.184769,generador
Club Defensores Juveniles,generador,,,,,,,,,no_contactable_publicamente,club/institución deportiva con comunidad de miembros,generadores_deportivos,way:307820340,"{'leisure': 'pitch', 'name': 'Club Defensores Juveniles', 'sport': 'soccer'}",-31.3310282,-64.2150932,generador
"Club Atlético Argentino Central ""La Charla""",generador,,,,,,,,,no_contactable_publicamente,club/institución deportiva con comunidad de miembros,generadores_deportivos,way:314518006,"{'leisure': 'sports_centre', 'name': 'Club Atlético Argentino Central ""La Charla""', 'sport': 'soccer'}",-31.3857741,-64.1665338,generador
Club Comunicaciones,generador,,,,,,"Avenida Don Bosco, Córdoba",,,no_contactable_publicamente,club/institución deportiva con comunidad de miembros,generadores_deportivos,way:354900596,"{'addr:city': 'Córdoba', 'addr:postcode': '5003', 'addr:street': 'Avenida Don Bosco', 'leisure': 'sports_centre', 'name': 'Club Comunicaciones', 'sport': 'club'}",-31.4005663,-64.2592175,generador
Instituto Atlético Central Córdoba,generador,,,,,,"Jujuy 2602, Córdoba",,,no_contactable_publicamente,OSM: institución deportiva con actividad deportiva,generadores_deportivos,way:375116725,"{'addr:city': 'Córdoba', 'addr:housenumber': '2602', 'addr:street': 'Jujuy', 'leisure': 'sports_centre', 'name': 'Instituto Atlético Central Córdoba', 'sport': 'soccer;swimming'}",-31.3840308,-64.1804155,generador
Sindicato de Farmacia,generador,,,,,,,,,no_contactable_publicamente,"organización con afiliados, asociados o beneficiarios",generadores_deportivos,way:484722115,"{'leisure': 'sports_centre', 'name': 'Sindicato de Farmacia', 'sport': 'soccer'}",-31.486466,-64.1725052,generador
Complejo  Atalaya,generador,,,,,,,,,no_contactable_publicamente,OSM: institución deportiva con actividad deportiva,generadores_deportivos,way:746522632,"{'leisure': 'sports_centre', 'name': 'Complejo  Atalaya', 'sport': 'soccer'}",-31.3388935,-64.2538729,generador
Manantiales Fútbol Club,generador,,,,,,,,,no_contactable_publicamente,club/institución deportiva con comunidad de miembros,generadores_deportivos,way:942380769,"{'leisure': 'pitch', 'name': 'Manantiales Fútbol Club', 'sport': 'soccer'}",-31.31724,-64.3146651,generador
Polideportivo Villa Rivera Indarte,generador,,,,,,"Laguna Larga 9060, Córdoba",,,no_contactable_publicamente,OSM: institución deportiva con actividad deportiva,generadores_deportivos,way:1181895700,"{'addr:city': 'Córdoba', 'addr:housenumber': '9060', 'addr:postcode': 'X5018', 'addr:street': 'Laguna Larga', 'leisure': 'sports_centre', 'name': 'Polideportivo Villa Rivera Indarte', 'sport': 'basketball;volleyball;fitness;futsal;gymnastics;handball'}",-31.3169108,-64.2934083,generador
Club TG,generador,,,,,,,,,no_contactable_publicamente,club/institución deportiva con comunidad de miembros,generadores_deportivos,way:1341691633,"{'leisure': 'sports_centre', 'name': 'Club TG', 'operator': 'Torneo Golden', 'sport': 'soccer'}",-31.5227333,-64.1651098,generador
Centro Vecinal Villa Paez,generador,,,,,,,,,no_contactable_publicamente,organización social con comunidad de miembros,generadores_deportivos,way:1525542621,"{'access': 'yes', 'covered': 'no', 'fee': 'no', 'hoops': '2', 'indoor': 'no', 'leisure': 'pitch', 'lit': 'yes', 'name': 'Centro Vecinal Villa Paez', 'sport': 'basketball', 'surface': 'concrete'}",-31.4002697,-64.2080036,generador
centro vecinal,generador,,,,,,,,,no_contactable_publicamente,organización social con comunidad de miembros,generadores_centros_vecinales,node:5188662865,{'name': 'centro vecinal'},-31.4634003,-64.1600062,generador
centro vecinal Parque República,generador,,,,,,Paine,,,no_contactable_publicamente,organización social con comunidad de miembros,generadores_centros_vecinales,node:5194422273,"{'addr:street': 'Paine', 'amenity': 'community_centre', 'community_centre': 'community_hall', 'name': 'centro vecinal Parque República'}",-31.4149523,-64.2576241,generador
Club Estudiantes,generador,,,,,,,,,no_contactable_publicamente,club/institución deportiva con comunidad de miembros,generadores_clubes,node:1502351834,"{'leisure': 'sports_centre', 'name': 'Club Estudiantes'}",-31.3655204,-64.1974984,generador
SEP - Sindicato de Empleados Públicos,generador,,,,,,,,,no_contactable_publicamente,"organización con afiliados, asociados o beneficiarios",generadores_clubes,node:3306920013,"{'leisure': 'sports_centre', 'name': 'SEP - Sindicato de Empleados Públicos'}",-31.3071052,-64.3094975,generador
Club Atlético Yapeyú,generador,,,,,,Juan Roque,,,no_contactable_publicamente,club/institución deportiva con comunidad de miembros,generadores_clubes,node:3684839383,"{'addr:housename': '150', 'addr:street': 'Juan Roque', 'leisure': 'sports_centre', 'name': 'Club Atlético Yapeyú'}",-31.4138186,-64.1511546,generador
Club Atlético General Paz -Junior´s,generador,,,,,,"Avenida Álvarez de Arenales 520, Córdoba",,,no_contactable_publicamente,club/institución deportiva con comunidad de miembros,generadores_clubes,node:4371647772,"{'addr:city': 'Córdoba', 'addr:housenumber': '520', 'addr:postcode': '5000', 'addr:street': 'Avenida Álvarez de Arenales', 'description': 'Abierto de 8:00-0:00 de Domingo a Sábado. Tel 0351-4512093 http://gralpazjuniors.com.ar Excelente club familiar que cuenta con diversas actividades. Actualmente mejorando el estado de sus canchas de handball y basquet, vestuarios y la seguridad.', 'leisure': 'sports_centre', 'name': 'Club Atlético General Paz -Junior´s'}",-31.4222833,-64.168093,generador
Club Atlético Palermo,generador,,,,,,,,,no_contactable_publicamente,club/institución deportiva con comunidad de miembros,generadores_clubes,node:13255857595,"{'club': 'sport', 'leisure': 'sports_centre', 'name': 'Club Atlético Palermo'}",-31.4264297,-64.1436538,generador
UN Paddle Club,generador,,,,,,,,,no_contactable_publicamente,club/institución deportiva con comunidad de miembros,generadores_clubes,way:139314466,"{'leisure': 'sports_centre', 'name': 'UN Paddle Club'}",-31.4368823,-64.181956,generador
Jockey Club Córdoba,generador,,,,,,,,,no_contactable_publicamente,club/institución deportiva con comunidad de miembros,generadores_clubes,way:163098853,"{'leisure': 'sports_centre', 'name': 'Jockey Club Córdoba', 'wikidata': 'Q8430339', 'wikipedia': 'es:Jockey Club Córdoba'}",-31.4545858,-64.1818369,generador
Estadio Club Atalaya,generador,,,,,,,,,no_contactable_publicamente,club/institución deportiva con comunidad de miembros,generadores_clubes,way:208364438,"{'leisure': 'sports_centre', 'name': 'Estadio Club Atalaya'}",-31.3376834,-64.2525086,generador
Club Atlético Las Palmas,generador,,,,,,,,,no_contactable_publicamente,club/institución deportiva con comunidad de miembros,generadores_clubes,way:210687215,"{'leisure': 'sports_centre', 'name': 'Club Atlético Las Palmas'}",-31.4049027,-64.2382731,generador
Club Banco de Córdoba,generador,,,,,,,,,no_contactable_publicamente,club/institución deportiva con comunidad de miembros,generadores_clubes,way:238822107,"{'leisure': 'sports_centre', 'name': 'Club Banco de Córdoba'}",-31.3395536,-64.2755281,generador
Hindu Club,generador,,,,,+54 351 451 9402,"Sarmiento 1250, Córdoba",,,no_contactable_publicamente,club/institución deportiva con comunidad de miembros,generadores_clubes,way:265237835,"{'addr:city': 'Córdoba', 'addr:housenumber': '1250', 'addr:postcode': 'X5004EYP', 'addr:street': 'Sarmiento', 'leisure': 'sports_centre', 'name': 'Hindu Club', 'phone': '+54 351 451 9402'}",-31.4110822,-64.1676231,generador
Club All Boys,generador,,,,,,,,,no_contactable_publicamente,club/institución deportiva con comunidad de miembros,generadores_clubes,way:286697254,"{'leisure': 'sports_centre', 'name': 'Club All Boys'}",-31.439678,-64.2264513,generador
Club Atlético Bella Vista,generador,,,,,,,,,no_contactable_publicamente,club/institución deportiva con comunidad de miembros,generadores_clubes,way:286698290,"{'leisure': 'sports_centre', 'name': 'Club Atlético Bella Vista', 'wikidata': 'Q16491022', 'wikipedia': 'es:Club Atlético Bella Vista (Córdoba)'}",-31.4312236,-64.2046357,generador
Club Alas Argentinas,generador,,,,,,,,,no_contactable_publicamente,club/institución deportiva con comunidad de miembros,generadores_clubes,way:286710524,"{'leisure': 'sports_centre', 'name': 'Club Alas Argentinas'}",-31.4190885,-64.2285762,generador
Anexo Tala Rugby Club,generador,,,,,,,,,no_contactable_publicamente,club/institución deportiva con comunidad de miembros,generadores_clubes,way:287164410,"{'leisure': 'sports_centre', 'name': 'Anexo Tala Rugby Club'}",-31.3382214,-64.3075201,generador
Club Teléfonos Córdoba,generador,,,,,,,,,no_contactable_publicamente,club/institución deportiva con comunidad de miembros,generadores_clubes,way:308827634,"{'leisure': 'sports_centre', 'name': 'Club Teléfonos Córdoba'}",-31.3693708,-64.2401955,generador
Club Villa Retiro,generador,,,,,,,,,no_contactable_publicamente,club/institución deportiva con comunidad de miembros,generadores_clubes,way:317146191,"{'leisure': 'sports_centre', 'name': 'Club Villa Retiro'}",-31.3428342,-64.148376,generador
Club Deportivo Lasallano,generador,,,,,,,,,no_contactable_publicamente,club/institución deportiva con comunidad de miembros,generadores_clubes,way:358451189,"{'leisure': 'sports_centre', 'name': 'Club Deportivo Lasallano', 'wheelchair': 'limited'}",-31.3532366,-64.262499,generador
La Rufina Club,generador,,,,,,,,,no_contactable_publicamente,club/institución deportiva con comunidad de miembros,generadores_clubes,way:402045268,"{'leisure': 'sports_centre', 'name': 'La Rufina Club'}",-31.3486447,-64.310945,generador
Area de deportes Colegio Dante Alighieri - Ex Club YPF,generador,,,,,,,,,no_contactable_publicamente,club/institución deportiva con comunidad de miembros,generadores_clubes,way:428999208,"{'leisure': 'sports_centre', 'name': 'Area de deportes Colegio Dante Alighieri - Ex Club YPF'}",-31.443771,-64.1906084,generador
Arabian Paddle Club,generador,,,,,,República del Libano,,,no_contactable_publicamente,club/institución deportiva con comunidad de miembros,generadores_clubes,way:556132592,"{'addr:street': 'República del Libano', 'leisure': 'sports_centre', 'name': 'Arabian Paddle Club'}",-31.3957244,-64.1745752,generador
Club Audax Córdoba,generador,,,,,,,,,no_contactable_publicamente,club/institución deportiva con comunidad de miembros,generadores_clubes,way:575367059,"{'leisure': 'sports_centre', 'name': 'Club Audax Córdoba'}",-31.4370265,-64.1243434,generador
Club Municipalidad de Córdoba,generador,,,,,,,,,no_contactable_publicamente,club/institución deportiva con comunidad de miembros,generadores_clubes,way:1083294018,"{'leisure': 'sports_centre', 'name': 'Club Municipalidad de Córdoba'}",-31.3834636,-64.1871359,generador
Club Villa Siburu,generador,,,,,,,,,no_contactable_publicamente,club/institución deportiva con comunidad de miembros,generadores_clubes,way:1093708444,"{'leisure': 'sports_centre', 'name': 'Club Villa Siburu'}",-31.3950314,-64.2300442,generador
Club Atlético Los Andes,generador,,,,,,,,,no_contactable_publicamente,club/institución deportiva con comunidad de miembros,generadores_clubes,way:1104542365,"{'leisure': 'sports_centre', 'name': 'Club Atlético Los Andes'}",-31.4430923,-64.1338308,generador
Club Colegio de Ingenieros Civiles,generador,,,,,,"Bulevar Los Alemanes 6600, Córdoba",,,no_contactable_publicamente,colegio profesional,generadores_clubes,way:1144561632,"{'addr:city': 'Córdoba', 'addr:housenumber': '6600', 'addr:street': 'Bulevar Los Alemanes', 'leisure': 'sports_centre', 'name': 'Club Colegio de Ingenieros Civiles'}",-31.3404899,-64.2533574,generador
Córdoba Athletic Club Campo de Deportes Alberto Bimbo Rizzuto,generador,,,,,,,,,no_contactable_publicamente,club/institución deportiva con comunidad de miembros,generadores_clubes,way:1384474903,"{'leisure': 'sports_centre', 'name': 'Córdoba Athletic Club Campo de Deportes Alberto Bimbo Rizzuto'}",-31.4840425,-64.1571555,generador
Centro de Alto Rendimiento Club Atlético Talleres,generador,,,,,,,,,no_contactable_publicamente,club/institución deportiva con comunidad de miembros,generadores_clubes,way:1384474948,"{'leisure': 'sports_centre', 'name': 'Centro de Alto Rendimiento Club Atlético Talleres'}",-31.4673,-64.1543765,generador
Club Deportivo Banfield Cordoba Estadio Mito Diaz,generador,,,,,,,,,no_contactable_publicamente,club/institución deportiva con comunidad de miembros,generadores_clubes,way:1427942592,"{'leisure': 'sports_centre', 'name': 'Club Deportivo Banfield Cordoba Estadio Mito Diaz'}",-31.4240064,-64.0964849,generador
Sindicato de Camioneros,generador,,,,,,,,,no_contactable_publicamente,"organización con afiliados, asociados o beneficiarios",generadores_clubes,way:1451358420,"{'leisure': 'sports_centre', 'name': 'Sindicato de Camioneros'}",-31.490537,-64.2540672,generador
Club Atlético San Lorenzo,generador,,,,,,,,,no_contactable_publicamente,club/institución deportiva con comunidad de miembros,generadores_clubes,relation:6296459,"{'leisure': 'sports_centre', 'name': 'Club Atlético San Lorenzo', 'type': 'multipolygon'}",-31.4546294,-64.1972243,generador
